t(yr),T_surf(K),T_pot(K),flux_surf(W/m2),flux_OLR(W/m2),flux_ASR(W/m2),phi(vol_frac),fO2_solid(bar),fO2_melt(bar),thick_surf_bl(m),massC_solid(kg),massC_melt(kg),massC_atm(kg),massH_solid(kg),massH_melt(kg),massH_atm(kg),massO_atm(kg),p_surf(bar),p_H2O(bar),p_CO2(bar),p_CO(bar),p_H2(bar),p_CH4(bar),p_O2(bar),mmw(kg/mol),R_trans(m),R_solid(m),viscosity(Pa.s)
NaN,2000,NaN,NaN,NaN,NaN,0.04079093852415462,4,4,NaN,2.5367029723421066e+17,1.074230150144143e+18,2.715935474382827e+20,4.124479895402617e+17,6.486396866149253e+17,4.688809817916316e+20,6.564080856334765e+20,17734639.301556803,0.10478383922325743,147.56434915248585,29.672611365944285,0.004605617427027472,1.5234947226104294e-12,4.3040485990222256e-05,41.31568434866254,NaN,6304830.541555687,NaN
NaN,2000,NaN,NaN,NaN,NaN,0.0503680204087974,4,4,NaN,2.5133918514115917e+17,1.2958568943890399e+18,2.7137425180613083e+20,4.095131893889698e+17,7.369366775140548e+17,4.687956196008837e+20,6.558332693124159e+20,17719448.519333962,0.09653235281699091,147.4297987743164,29.663865522774614,0.004245556194735697,1.2950223084900406e-12,4.298723549325839e-05,41.31546087451781,NaN,6287406.841505179,NaN
NaN,2000,NaN,NaN,NaN,NaN,0.05994796568609462,4,4,NaN,2.4899674181008854e+17,1.517067680022955e+18,2.7115538346382796e+20,4.068072585721259e+17,8.173319043044236e+17,4.687179303049101e+20,6.552718377608772e+20,17704527.776671078,0.08963829940008368,147.30106967069239,29.65058281640244,0.003944029671535183,1.1175861837881822e-12,4.295054315937269e-05,41.315474897760645,NaN,6269882.228098373,NaN
NaN,2000,NaN,NaN,NaN,NaN,0.06952998567479099,4,4,NaN,2.4664612813380426e+17,1.7378737288409052e+18,2.7093692802868635e+20,4.042806600371225e+17,8.913283408480279e+17,4.686464604669014e+20,6.54722096226597e+20,17689843.089403924,0.08377810111083973,147.17765936016693,29.63326338359897,0.0036871205158128775,9.764134867595983e-13,4.2928645655740535e-05,41.31572746341917,NaN,6252256.198953763,NaN
NaN,2000,NaN,NaN,NaN,NaN,0.0791135780248966,4,4,NaN,2.4428956475667616e+17,1.9582887957872003e+18,2.7071886952511717e+20,4.019007392514733e+17,9.600135131757254e+17,4.685801552153594e+20,6.541827748171084e+20,17675368.981577102,0.0787251618208587,147.05916630883561,29.612290349486976,0.0034650754267328302,8.618287507631947e-13,4.29201999251604e-05,41.31621623756924,NaN,6234527.938207234,NaN
NaN,2000,NaN,NaN,NaN,NaN,0.08869840309537697,4,4,NaN,2.4192863684196128e+17,2.1783277201962253e+18,2.7050119152862285e+20,3.996443387265378e+17,1.0242038405362597e+18,4.6851822128852376e+20,6.536528903074017e+20,17661085.71817294,0.07431579372817702,146.94526121672357,29.587966402729784,0.003270844392932825,7.672547079985823e-13,4.292415414268087e-05,41.316937123658434,NaN,6216696.425860299,NaN
NaN,2000,NaN,NaN,NaN,NaN,0.09828422054303018,4,4,NaN,2.3956450043375754e+17,2.3980056630653614e+18,2.702838777221619e+20,3.9749418351625824e+17,1.0845303253100364e+18,4.684600449589601e+20,6.531316611661811e+20,17646977.60276462,0.07042865994505274,146.83566875920553,29.560536470263006,0.0030991985645252955,6.880789797293925e-13,4.293966738843923e-05,41.317885180301076,NaN,6198760.4980427595,NaN
NaN,2000,NaN,NaN,NaN,NaN,0.10787085405694002,4,4,NaN,2.3719801611026112e+17,2.6173375825726894e+18,2.700669122869781e+20,3.954369026450831e+17,1.1414906207786697e+18,4.6840514194436266e+20,6.526184670696201e+20,17633032.18382558,0.06697832500550907,146.7301524950355,29.530201592109083,0.0029464600469052355,6.21100869677129e-13,4.296605814271889e-05,41.31905425473305,NaN,6180718.882204826,NaN
NaN,2000,NaN,NaN,NaN,NaN,0.11745817047055021,4,4,NaN,2.3482983631218006e+17,2.8363377558645084e+18,2.6985028029348433e+20,3.934618095085586e+17,1.19553421978363e+18,4.683530734384941e+20,6.521125222798423e+20,17619233.406314313,0.06377467759060398,146.62856143414248,29.497150619468,0.002804329206008329,5.617565949066312e-13,4.300273544279976e-05,41.32045526701578,NaN,6162570.2185714245,NaN
NaN,2000,NaN,NaN,NaN,NaN,0.127046066748073,4,4,NaN,2.3246046369579187e+17,3.055019769577328e+18,2.6963396765238788e+20,3.915593521346794e+17,1.2480050594950764e+18,4.683025050561568e+20,6.516064179353357e+20,17605425.222209316,0.057552991738096304,146.53211446789652,29.462012318469352,0.002529395407058274,4.562219312439185e-13,4.3048581616264514e-05,41.32252401452932,NaN,6144313.073624614,NaN
NaN,2000,NaN,NaN,NaN,NaN,0.1366344615330352,4,4,NaN,2.300902905025508e+17,3.2734010074546447e+18,2.6941795658770383e+20,3.897222986473979e+17,1.2973783268377364e+18,4.682549688423012e+20,6.511139061593949e+20,17591898.6143152,0.054822013504337595,146.43774872004417,29.423964494436895,0.0024078107980517382,4.1261562512798253e-13,4.3104368077117735e-05,41.324351179774425,NaN,6125945.948732224,NaN
NaN,2000,NaN,NaN,NaN,NaN,0.14622328946562177,4,4,NaN,2.277196234896408e+17,3.4914967969286354e+18,2.6920223146524276e+20,3.8794528699433914e+17,1.3445180181077903e+18,4.682096061626844e+20,6.506299702946162e+20,17578547.829988986,0.05337204072646463,146.34629332117672,29.38342740794047,0.0023423606591467345,3.8965729861391993e-13,4.316938663756882e-05,41.326231710067475,NaN,6107467.285696193,NaN
NaN,2000,NaN,NaN,NaN,NaN,0.15581249724730847,4,4,NaN,2.2534870532213648e+17,3.709320121694293e+18,2.6898677905864465e+20,3.862235099512793e+17,1.3893526225010081e+18,4.681664933353345e+20,6.501550108460568e+20,17565381.401470825,0.05344347148656767,146.25757395055146,29.340409866646464,0.0023434824355419337,3.891253061889768e-13,4.324358780041458e-05,41.32812809975563,NaN,6088875.470272972,NaN
NaN,2000,NaN,NaN,NaN,NaN,0.16540204084546853,4,4,NaN,2.229777300062628e+17,3.926885569160097e+18,2.6877158458649464e+20,3.845523599961525e+17,1.4330470216239447e+18,4.6812447008616684e+20,6.496820791019062e+20,17552252.761075754,0.051931150748996464,146.17281571694582,29.295462419470084,0.0022749974923146755,3.6580407535356417e-13,4.332609986969657e-05,41.330460215467426,NaN,6070168.8343133,NaN
NaN,2000,NaN,NaN,NaN,NaN,0.17499188346341094,4,4,NaN,2.2060685228607597e+17,4.144206898981928e+18,2.6855663413439313e+20,3.8292768252789254e+17,1.475081066668944e+18,4.680840607185902e+20,6.492159112283019e+20,17539262.13681561,0.05110247382270479,146.09092162438336,29.248317507703554,0.0022363450647841067,3.5254053090087675e-13,4.341718132333846e-05,41.332908866635954,NaN,6051345.656931904,NaN
NaN,2000,NaN,NaN,NaN,NaN,0.18458199403741513,4,4,NaN,2.1823619588719453e+17,4.361298623570557e+18,2.683419130662034e+20,3.813456641572092e+17,1.516549628500368e+18,4.680441741751296e+20,6.48749619768564e+20,17526264.150957145,0.04785442093698182,146.01315266919948,29.199499081408455,0.00209182196806702,3.0758293677810394e-13,4.3516058151267596e-05,41.33589699230747,NaN,6032404.164974413,NaN
NaN,2000,NaN,NaN,NaN,NaN,0.19417234610469916,4,4,NaN,2.1586585861964954e+17,4.578183995538842e+18,2.6812739803150257e+20,3.7980272963113824e+17,1.5570834575587072e+18,4.680051832805972e+20,6.482877923175757e+20,17513355.837003566,0.044415555646897684,145.93839664455805,29.148763425977865,0.0019391209378339029,2.6353338276807017e-13,4.362291470757306e-05,41.33910865164045,NaN,6013342.532959397,NaN
NaN,2000,NaN,NaN,NaN,NaN,0.20376291693763796,4,4,NaN,2.1349591364512298e+17,4.794873869050394e+18,2.6791307810296552e+20,3.782978109992809e+17,1.5929655329461501e+18,4.6797080612384145e+20,6.478549165752926e+20,17501047.624557167,0.051896959631161685,145.8623697718767,29.09390310898422,0.002262662972479918,3.5764563716139414e-13,4.374210672645742e-05,41.34105729079981,NaN,5994158.882616142,NaN
NaN,2000,NaN,NaN,NaN,NaN,0.21335368687246667,4,4,NaN,2.111264190093807e+17,5.01138590285846e+18,2.6769893556379317e+20,3.7682730200602675e+17,1.6335071086785324e+18,4.679317350571023e+20,6.473891577795936e+20,17488037.683675498,0.042035438500020283,145.79691986370014,29.03954756183098,0.0018301062748368854,2.332060357104309e-13,4.3866448746470284e-05,41.345614938595524,NaN,5974851.282101097,NaN
NaN,2000,NaN,NaN,NaN,NaN,0.22294463878229984,4,4,NaN,2.0875741782503462e+17,5.227725241253219e+18,2.6748496522658277e+20,3.7538778992450643e+17,1.6704506264352172e+18,4.6789623105142705e+20,6.469463017342074e+20,17475506.69709462,0.040544477678672,145.730694518653,28.98202147609188,0.0017624977872274742,2.1553599827242554e-13,4.400073520318652e-05,41.349209715197006,NaN,5955417.744950616,NaN
NaN,2000,NaN,NaN,NaN,NaN,0.23253575765877246,4,4,NaN,2.063889454089215e+17,5.443906011091327e+18,2.672711529291608e+20,3.7397877768207085e+17,1.7058664963896384e+18,4.6786222419371504e+20,6.46511700698204e+20,17463145.170969658,0.04069548832750127,145.6666023307972,28.922343550560164,0.0017661963604639602,2.15645920279794e-13,4.4143651017380575e-05,41.35277100958302,NaN,5935856.228810239,NaN
NaN,2000,NaN,NaN,NaN,NaN,0.2421270302765014,4,4,NaN,2.040210271764986e+17,5.659936797297127e+18,2.670574900611875e+20,3.7259939316230035e+17,1.7388372931384356e+18,4.678306327814863e+20,6.460918845022966e+20,17451091.0667801,0.04552392467977739,145.60329014527267,28.8600799461344,0.0019723558314854455,2.678854292472777e-13,4.429588243889947e-05,41.35587568496627,NaN,5916164.633968576,NaN
NaN,2000,NaN,NaN,NaN,NaN,0.2517184449214422,4,4,NaN,2.0165368152965008e+17,5.875843557429419e+18,2.66843950646702e+20,3.712469660425914e+17,1.7750915824268493e+18,4.677957309193177e+20,6.456493098072885e+20,17438551.47932804,0.03784134420073235,145.5480991302368,28.797893275025665,0.001636590275228478,1.837181818163323e-13,4.445354173726352e-05,41.36089923970712,NaN,5896340.801715124,NaN
NaN,2000,NaN,NaN,NaN,NaN,0.2613099911690772,4,4,NaN,1.9928691384160784e+17,6.091670956273124e+18,2.6663049001554634e+20,3.69919556820919e+17,1.8079747916776182e+18,4.6776417511928857e+20,6.45231659548787e+20,17426528.83915579,0.03961612603270386,145.49170843787533,28.73220910320285,0.0017101019833434335,1.9975625865523103e-13,4.4622463436087405e-05,41.36482019361033,NaN,5876382.512535058,NaN
NaN,2000,NaN,NaN,NaN,NaN,0.27090165970185404,4,4,NaN,1.969207140895206e+17,6.307398663782582e+18,2.6641712850778902e+20,3.6861673192574445e+17,1.8403322983571146e+18,4.677331204375042e+20,6.448145452025444e+20,17414507.239158984,0.039407591347878176,145.43943779771027,28.664484500698485,0.0016977004779888786,1.9601301014853172e-13,4.480135496747347e-05,41.36925093939254,NaN,5856287.484149231,NaN
NaN,2000,NaN,NaN,NaN,NaN,0.280493442157825,4,4,NaN,1.9455507979436067e+17,6.523039621588121e+18,2.6620385318427863e+20,3.673376431774535e+17,1.8707315479703114e+18,4.6770400027663945e+20,6.444113205636959e+20,17402773.881436218,0.04362543880752433,145.38788399710373,28.59430891743779,0.0018754713255758927,2.381261611375185e-13,4.498968728012757e-05,41.373249729667805,NaN,5836053.369404107,NaN
NaN,2000,NaN,NaN,NaN,NaN,0.2900853310043004,4,4,NaN,1.9219000390095456e+17,6.738613001043876e+18,2.6599064488071623e+20,3.6608045833016454e+17,1.903717483445653e+18,4.6767227152601167e+20,6.439875935216362e+20,17390601.685884,0.036314417990518474,145.34415390958443,28.523945551506046,0.001557795159492538,1.6353100298081146e-13,4.5184599324380346e-05,41.379047676070336,NaN,5815677.754013476,NaN
NaN,2000,NaN,NaN,NaN,NaN,0.2996773194317139,4,4,NaN,1.898254735008231e+17,6.954134300383817e+18,2.657774881117764e+20,3.648435751661984e+17,1.934737740415983e+18,4.676424881522053e+20,6.435797668676374e+20,17378760.204310227,0.03446093748617783,145.3005700985202,28.451050667891636,0.001474950039882073,1.458956520722193e-13,4.538916422668078e-05,41.38426367745587,NaN,5795158.154151591,NaN
NaN,2000,NaN,NaN,NaN,NaN,0.3092694012639407,4,4,NaN,1.8746147063008912e+17,7.169652162706867e+18,2.6556433425232416e+20,3.6362731146015264e+17,1.9626186769048968e+18,4.6761582347942245e+20,6.431950517570087e+20,17367393.69083565,0.041223128987376144,145.25636927079728,28.374538735187514,0.0017601667389599465,2.0672169861274405e-13,4.5606645168942674e-05,41.388513106233916,NaN,5774492.013895517,NaN
NaN,2000,NaN,NaN,NaN,NaN,0.31886157088209977,4,4,NaN,1.8509796550504205e+17,7.385133604364881e+18,2.6535121631579118e+20,3.6243086259325914e+17,1.992059713020174e+18,4.67587578892174e+20,6.427967778920167e+20,17355732.770617407,0.039605931127895025,145.2188378136561,28.29715119030204,0.0016869383741623595,1.888937100202101e-13,4.583271364756542e-05,41.39414617746773,NaN,5753676.702512915,NaN
NaN,2000,NaN,NaN,NaN,NaN,0.3284538231594783,4,4,NaN,1.827349391298411e+17,7.600625542593666e+18,2.6513808740393763e+20,3.612520528606062e+17,2.0233462329015744e+18,4.675574711820252e+20,6.423891171370846e+20,17343867.73758678,0.03184888715546567,145.18647721534094,28.218952112219085,0.001353094747356764,1.2088468393187044e-13,4.606640482754446e-05,41.400814293695696,NaN,5732709.51159007,NaN
NaN,2000,NaN,NaN,NaN,NaN,0.33804615340568606,4,4,NaN,1.8037236108495517e+17,7.816123914330457e+18,2.6492495161024558e+20,3.600906453551391e+17,2.0501441864744947e+18,4.675318346359576e+20,6.420083262201147e+20,17332563.244863156,0.0343629498285668,145.15256452125652,28.13720264958544,0.0014560150848917752,1.3919617903117754e-13,4.6312875996737727e-05,41.406257177124424,NaN,5711587.651993781,NaN
NaN,2000,NaN,NaN,NaN,NaN,0.3476385573185116,4,4,NaN,1.780102035143829e+17,8.031667535914864e+18,2.6471177014623175e+20,3.589468137044738e+17,2.0772198124534292e+18,4.6750590284162944e+20,6.416284985811969e+20,17321264.94706545,0.035327028707796464,145.1224702789728,28.053312880639922,0.0014927113518691697,1.4545991255877664e-13,4.6570981922568404e-05,41.412154449109806,NaN,5690308.250659533,NaN
NaN,2000,NaN,NaN,NaN,NaN,0.3572310309422402,4,4,NaN,1.7564843102900672e+17,8.247237198288315e+18,2.6449856225634373e+20,3.578192233565537e+17,2.105406770141216e+18,4.674788434742896e+20,6.412420955245983e+20,17309820.224495966,0.031291859057437935,145.09736262345828,27.968182499133206,0.001318424676620554,1.128077755288229e-13,4.683863396916065e-05,41.418954094294484,NaN,5668868.347197244,NaN
NaN,2000,NaN,NaN,NaN,NaN,0.3668235706314198,4,4,NaN,1.7328701462896963e+17,8.462884879513775e+18,2.642852759915183e+20,3.5670688726711046e+17,2.132985294311257e+18,4.6745237728620904e+20,6.408647771535995e+20,17298560.800592788,0.0296914683477513,145.07366758877166,27.880954534842722,0.0012472972201585568,1.0035213122276199e-13,4.711674544165406e-05,41.42559349379128,NaN,5647264.890304804,NaN
NaN,2000,NaN,NaN,NaN,NaN,0.37641617301924296,4,4,NaN,1.7092591298631808e+17,8.678666276903068e+18,2.6407185569577157e+20,3.556094730278254e+17,2.159397258620357e+18,4.674270627361393e+20,6.404965548021158e+20,17287480.53048632,0.030294024514553687,145.0520933296806,27.791101845682707,0.0012686971631866498,1.0317231267552202e-13,4.7407822009365275e-05,41.43215743215372,NaN,5625494.73397848,NaN
NaN,2000,NaN,NaN,NaN,NaN,0.3860088349898555,4,4,NaN,1.6856507555234554e+17,8.894526277101533e+18,2.638583565330071e+20,3.5452714549554496e+17,2.1833151300256161e+18,4.6740422719226597e+20,6.401434427965243e+20,17276707.664457917,0.03569457433500663,145.0317123585163,27.698131920634477,0.0014900777960936732,1.4138839316595303e-13,4.771329713553667e-05,41.43829368367115,NaN,5603554.633508143,NaN
NaN,2000,NaN,NaN,NaN,NaN,0.39560155365402233,4,4,NaN,1.6620446803028234e+17,9.110492392361918e+18,2.636447510252687e+20,3.534591275739727e+17,2.2098140337853734e+18,4.673787963064277e+20,6.397711485561539e+20,17265521.55976064,0.03017431066949935,145.01903976753542,27.604697997292615,0.0012554937749747971,9.970798210580424e-14,4.8028333764257566e-05,41.44617430351225,NaN,5581441.241244059,NaN
NaN,2000,NaN,NaN,NaN,NaN,0.4051943263276721,4,4,NaN,1.638440502392051e+17,9.326642954422878e+18,2.634309608809988e+20,3.524049554482026e+17,2.2328674835584433e+18,4.673567970287803e+20,6.394293689164781e+20,17254966.917530507,0.03697409703775036,145.00380055513423,27.507313010819686,0.001533153334984493,1.4765410805004014e-13,4.835897817199519e-05,41.45254432832697,NaN,5559151.102120763,NaN
NaN,2000,NaN,NaN,NaN,NaN,0.4147871505129226,4,4,NaN,1.614837680271337e+17,9.542927961967583e+18,2.632170361556662e+20,3.5136414655870675e+17,2.2585806900175946e+18,4.6733212463121046e+20,6.390653208797176e+20,17243929.325968686,0.03118715520837473,144.99756879813935,27.409199967729432,0.00128863710359275,1.0357446290891815e-13,4.870150591684919e-05,41.460942825940315,NaN,5536680.648922146,NaN
NaN,2000,NaN,NaN,NaN,NaN,0.42438002388124996,4,4,NaN,1.5912358074954458e+17,9.759407278518948e+18,2.630029170263924e+20,3.5033555592814925e+17,2.2840254286685952e+18,4.6730770848319006e+20,6.387091856485872e+20,17233050.673265442,0.027307719677815322,144.99306595449326,27.30895975270834,0.0011242492106477207,7.826166368563908e-14,4.905656423032561e-05,41.46926573494847,NaN,5514026.197270534,NaN
NaN,2000,NaN,NaN,NaN,NaN,0.43397294425851785,4,4,NaN,1.567634366481984e+17,9.9761127355609e+18,2.6278857171345175e+20,3.4931916037662976e+17,2.307394593009694e+18,4.672853557144007e+20,6.383677395856852e+20,17222464.8996785,0.02804027133969357,144.99009460054825,27.205314645469283,0.0011500503726452776,8.127619609016823e-14,4.942905497107924e-05,41.47721603374095,NaN,5491183.940320901,NaN
NaN,2000,NaN,NaN,NaN,NaN,0.4435659096116244,4,4,NaN,1.544032804312111e+17,1.0193048144429783e+19,2.6257399646079985e+20,3.483147112091195e+17,2.3314937058188365e+18,4.67262261050759e+20,6.380253122994084e+20,17211848.10023615,0.026415545639664213,144.99105715638814,27.099879277779408,0.0010792075053029158,7.101735504111943e-14,4.98150488917803e-05,41.48571756096757,NaN,5468149.943139754,NaN
NaN,2000,NaN,NaN,NaN,NaN,0.453158918036563,4,4,NaN,1.520430589083531e+17,1.0410242462854111e+19,2.6235916236389833e+20,3.473220154244198e+17,2.353391303281566e+18,4.6724135614908085e+20,6.376959727299364e+20,17201492.85315416,0.028601797308745066,144.99384406113862,26.99126863308824,0.001163821268245754,8.192752929318888e-14,5.021873759667257e-05,41.49394929642418,NaN,5444920.1367463935,NaN
NaN,2000,NaN,NaN,NaN,NaN,0.46275196774771954,4,4,NaN,1.496827163135953e+17,1.0627693151703134e+19,2.6214407201764403e+20,3.4634120847000083e+17,2.374448478594302e+18,4.672212797807225e+20,6.373739144770764e+20,17191276.706843488,0.03201705286047825,144.9995154321428,26.87988658075044,0.0012973628724137314,1.009648892453767e-13,5.063980858402569e-05,41.5022713661668,NaN,5421490.3117922135,NaN
NaN,2000,NaN,NaN,NaN,NaN,0.47234505706825647,4,4,NaN,1.4732219979500387e+17,1.0845449049483028e+19,2.6192867663638266e+20,3.4537162237089606e+17,2.3972063865638477e+18,4.671994914588523e+20,6.370425527341403e+20,17180851.269701954,0.029085095681072128,145.01113564072395,26.76706736848877,0.0011735164082543423,8.191032034654005e-14,5.10757173566062e-05,41.511729959661885,NaN,5397856.111851616,NaN
NaN,2000,NaN,NaN,NaN,NaN,0.4819381844214541,4,4,NaN,1.449614491575397e+17,1.1063553842351028e+19,2.6171293259415208e+20,3.444124041127947e+17,2.4202953385365535e+18,4.671773617251378e+20,6.367134514095018e+20,17170455.92094379,0.025140431604656666,145.0267014059315,26.651655965574506,0.0010098763224177319,6.013098115855241e-14,5.1530004720627016e-05,41.52160897689503,NaN,5374013.026295641,NaN
NaN,2000,NaN,NaN,NaN,NaN,0.4915313483228958,4,4,NaN,1.4260039962147274e+17,1.1281990914170726e+19,2.6149685657186858e+20,3.434635896655479e+17,2.440802654373772e+18,4.671578032237477e+20,6.364001480894986e+20,17160380.710014064,0.02622767390673865,145.04353381105238,26.532944875158684,0.0010487357892907713,6.426370372682821e-14,5.200423344720502e-05,41.53104203792314,NaN,5349956.38271685,NaN
NaN,2000,NaN,NaN,NaN,NaN,0.5011245473734018,4,4,NaN,1.4023899215372456e+17,1.1500818816804975e+19,2.612803900767019e+20,3.425252073642732e+17,2.461614022617515e+18,4.671379302378053e+20,6.360877259649611e+20,17150304.794692557,0.025532677770234758,145.06490676799407,26.411539877711434,0.0010161245753207686,5.976959800536538e-14,5.2498874402303965e-05,41.541025015442635,NaN,5325681.33887106,NaN
NaN,2000,NaN,NaN,NaN,NaN,0.5107177802526263,4,4,NaN,1.3787716012197515e+17,1.1720039660521912e+19,2.6106353106501675e+20,3.4159705583717536e+17,2.4811016148011387e+18,4.6711937079714854e+20,6.357868025233754e+20,17140457.307534907,0.028025293543107607,145.08824358596323,26.287141290271418,0.001109891531160802,7.062785016588432e-14,5.301404004985118e-05,41.55081753045669,NaN,5301182.874098368,NaN
NaN,2000,NaN,NaN,NaN,NaN,0.5203110457132436,4,4,NaN,1.3551483946114685e+17,1.1939693231271076e+19,2.6084623981492843e+20,3.406787656204345e+17,2.5018277613081083e+18,4.670995629408583e+20,6.354792541143096e+20,17130450.253142457,0.02514877465530612,145.1178637331284,26.160445503495314,0.000990969572299328,5.575085282224957e-14,5.355057317511989e-05,41.561679912030854,NaN,5276455.7801823355,NaN
NaN,2000,NaN,NaN,NaN,NaN,0.5299043425756629,4,4,NaN,1.3315196185055597e+17,1.2159812835683676e+19,2.6062848308812644e+20,3.397699999105051e+17,2.521208460452759e+18,4.670810910074234e+20,6.351838415359852e+20,17120682.2395249,0.025700991370919943,145.14957191656316,26.03048789885231,0.0010074781964250579,5.704024723312303e-14,5.411026606286834e-05,41.57234001692194,NaN,5251494.651602325,NaN
NaN,2000,NaN,NaN,NaN,NaN,0.5394976697232103,4,4,NaN,1.3078845659300755e+17,1.2380407513673955e+19,2.6041025191539376e+20,3.3887068352764934e+17,2.5404232008920643e+18,4.6706277558336645e+20,6.348920632945797e+20,17110972.28292586,0.025634138891622412,145.1854247761955,25.897609739014825,0.000999481193643812,5.5552924808271974e-14,5.469396292039739e-05,41.583393659086745,NaN,5226293.875129605,NaN
NaN,2000,NaN,NaN,NaN,NaN,0.5490910260977329,4,4,NaN,1.2842425423281334e+17,1.2601528733587642e+19,2.6019149489784016e+20,3.379804129733418e+17,2.560200798144503e+18,4.6704388825666847e+20,6.34600311977215e+20,17101242.370718814,0.02329695713548527,145.2261814169846,25.761986687354714,0.0009033433777161945,4.4893307148760874e-14,5.530233560049777e-05,41.5950805709619,NaN,5200847.618713034,NaN
NaN,2000,NaN,NaN,NaN,NaN,0.5586844106955796,4,4,NaN,1.260592799517743e+17,1.2823187698232859e+19,2.59972200907476e+20,3.370990240342559e+17,2.578562624639398e+18,4.670264078191126e+20,6.343190713750606e+20,17091715.599864837,0.023419548491833815,145.26984142037892,25.62293616799163,0.0009029239679665069,4.4355418641758066e-14,5.593781798332477e-05,41.606732555080946,NaN,5175149.8195947595,NaN
NaN,2000,NaN,NaN,NaN,NaN,0.5682778225639227,4,4,NaN,1.2369346005996026e+17,1.3045431110419966e+19,2.597523233151808e+20,3.362263713806456e+17,2.5973922978995686e+18,4.67008450798506e+20,6.340409068028707e+20,17082231.257948343,0.02268469718765,145.31795585879854,25.480745971256432,0.0008694509285394667,4.06590737463963e-14,5.66013121921575e-05,41.618836133957146,NaN,5149194.171590351,NaN
NaN,2000,NaN,NaN,NaN,NaN,0.5778712607973819,4,4,NaN,1.2132671590899685e+17,1.3268316154895696e+19,2.5953180501485607e+20,3.353621275405279e+17,2.6159709424477394e+18,4.66990736397798e+20,6.337686901151792e+20,17072850.6274661,0.022363534378655462,145.36995230336828,25.335281199377103,0.0008519434212934694,3.857986626711513e-14,5.729411560159381e-05,41.631207552047265,NaN,5122974.111461155,NaN
NaN,2000,NaN,NaN,NaN,NaN,0.5874647245349268,4,4,NaN,1.1895896359141603e+17,1.3491834910047818e+19,2.593106540120214e+20,3.3450621863247917e+17,2.63356112274102e+18,4.669740021264128e+20,6.33502962992224e+20,17063584.85561764,0.022426557871653197,145.42622778941117,25.186287198658768,0.0008489913484961482,3.7849002035923054e-14,5.801888627230447e-05,41.64387728834127,NaN,5096482.804299101,NaN
NaN,2000,NaN,NaN,NaN,NaN,0.5970582129570263,4,4,NaN,1.1659012376866944e+17,1.3716033290570854e+19,2.590888244713212e+20,3.336585715468946e+17,2.6509059327221734e+18,4.669575049635173e+20,6.332428380730458e+20,17054413.26013598,0.02258123458493341,145.4869103170924,25.03373295785937,0.0008493146353783222,3.740476306806434e-14,5.8777187663952944e-05,41.65689299505074,NaN,5069713.127835856,NaN
NaN,2000,NaN,NaN,NaN,NaN,0.6066517252830242,4,4,NaN,1.142201125374917e+17,1.3940983172778043e+19,2.5886624460034526e+20,3.328189461054781e+17,2.668346286488844e+18,4.669409042351921e+20,6.329879553088366e+20,17045327.140773002,0.022738245116673834,145.55196287149758,24.877661212525616,0.0008495083611806806,3.694014900969306e-14,5.957022893978357e-05,41.67026427001861,NaN,5042657.65557878,NaN
NaN,2000,NaN,NaN,NaN,NaN,0.6162452607687189,4,4,NaN,1.1184883713138347e+17,1.4166793521695425e+19,2.586428055268339e+20,3.3198706122008275e+17,2.685880091788256e+18,4.6692420231477795e+20,6.327382761420297e+20,17036324.887796383,0.02293543855983351,145.62137994734138,24.718022121128694,0.0008509711848386102,3.6575830758883604e-14,6.0399749015779686e-05,41.68398982192103,NaN,5015308.63866557,NaN
NaN,2000,NaN,NaN,NaN,NaN,0.625838818704128,4,4,NaN,1.0947618789223646e+17,1.4393764198441855e+19,2.5841820749932662e+20,3.31162668236824e+17,2.7033834805802926e+18,4.6690752331896934e+20,6.324963955300691e+20,17027456.952704906,0.024738620567235022,145.69428389189287,24.554574397951498,0.0009113487632931761,4.1376435681148254e-14,6.126787414923888e-05,41.69784627367459,NaN,4987657.986317505,NaN
NaN,2000,NaN,NaN,NaN,NaN,0.635432398411423,4,4,NaN,1.071020492364169e+17,1.46196592649705e+19,2.5819468657145364e+20,3.303429208588249e+17,2.7381710979795313e+18,4.668735554489476e+20,6.322426332824788e+20,17018420.24293709,0.019874953054993674,145.7670377679527,24.396500483079162,0.0007270990020887402,2.5986396013454837e-14,6.212628189661718e-05,41.71226786482701,NaN,4959697.244757779,NaN
NaN,2000,NaN,NaN,NaN,NaN,0.6450259992430157,4,4,NaN,1.0472662883315109e+17,1.4845231374990301e+19,2.5797148988183714e+20,3.29523139108134e+17,2.786308773943925e+18,4.668262375547342e+20,6.32003033681941e+20,17009749.90009815,0.020934834650821407,145.83429190068264,24.241448629071897,0.0007606549188404687,2.8066986520423268e-14,6.298165725869406e-05,41.725510680127975,NaN,4931417.574446152,NaN
NaN,2000,NaN,NaN,NaN,NaN,0.6546196205797865,4,4,NaN,1.0235001292032083e+17,1.5070687725750696e+19,2.5774841014698964e+20,3.286991789840537e+17,2.8494409003158927e+18,4.667639293884863e+20,6.31765519004077e+20,17001185.808631606,0.021997190966355523,145.8992813984987,24.089721763747793,0.0007938986937983861,3.017888161096058e-14,6.383440936673312e-05,41.73846799110749,NaN,4902809.725463873,NaN
NaN,2000,NaN,NaN,NaN,NaN,0.6642132618294395,4,4,NaN,9.997225295877586e+16,1.529612461983467e+19,2.5752535101286715e+20,3.27866784810224e+17,2.9279629956093824e+18,4.6668623968736707e+20,6.31527810402807e+20,16992679.282085054,0.02166114251441712,145.96309134218356,23.941199039919532,0.0007766108173404644,2.851138093393558e-14,6.468541566678565e-05,41.75137074010272,NaN,4873864.010863218,NaN
NaN,2000,NaN,NaN,NaN,NaN,0.6738069224249753,4,4,NaN,9.759338335838544e+16,1.5521630903148536e+19,2.5730222359915355e+20,3.270216977361442e+17,3.0227876438713267e+18,4.665922601261789e+20,6.312949263933753e+20,16984334.8801619,0.022136041970574453,146.02495733372223,23.795401419921937,0.00078846995385157,2.901962031815826e-14,6.553605032488608e-05,41.76391981881602,NaN,4844570.277773683,NaN
NaN,2000,NaN,NaN,NaN,NaN,0.6834006018232702,4,4,NaN,9.521342385779232e+16,1.5747268155442582e+19,2.5707896630636003e+20,3.2615953272533696e+17,3.135191616866534e+18,4.6648071831819393e+20,6.310640166940949e+20,16976091.010985345,0.02171547378907089,146.08617162962815,23.652188106546078,0.0007685121832492606,2.7226863766774376e-14,6.638770685617833e-05,41.77639588632754,NaN,4814917.876031341,NaN
NaN,2000,NaN,NaN,NaN,NaN,0.6929942995037552,4,4,NaN,9.28323837999419e+16,1.5973117817631259e+19,2.5685549768422932e+20,3.252757555282862e+17,3.2663088511062456e+18,4.663504848611515e+20,6.308406227639009e+20,16968045.780623443,0.022379784668354816,146.14764495249696,23.50957890131328,0.0007869156155399582,2.8191399480404384e-14,6.725214024642766e-05,41.78867741269741,NaN,4784895.624068832,NaN
NaN,2000,NaN,NaN,NaN,NaN,0.7025880149671836,4,4,NaN,9.045025978947638e+16,1.6199277780732944e+19,2.5663171984513804e+20,3.2436553535118995e+17,3.418549064687192e+18,4.661991548677474e+20,6.306226317033188e+20,16960166.648711715,0.023213665355467084,146.20897734575937,23.368596351507392,0.0008110012773004976,2.9573069329565074e-14,6.812321753540746e-05,41.80081137134662,NaN,4754491.771769988,NaN
NaN,2000,NaN,NaN,NaN,NaN,0.7121817477344824,4,4,NaN,8.806703447848144e+16,1.6425824268478343e+19,2.564075565827038e+20,3.2342359565111354e+17,3.594286099452834e+18,4.66024359772682e+20,6.304107535311016e+20,16952466.645811122,0.024233044446159566,146.27067063058564,23.22885258251738,0.0008411970002971136,3.1423562634172535e-14,6.900356170180419e-05,41.81283294528884,NaN,4723693.9599548085,NaN
NaN,2000,NaN,NaN,NaN,NaN,0.7217754973456796,4,4,NaN,8.568268007805309e+16,1.6652839746817128e+19,2.5618292545876535e+20,3.224441716681629e+17,3.796426528090939e+18,4.658231987680269e+20,6.302057530201364e+20,16944959.475184634,0.025458819846471654,146.3332522850632,23.089935664480134,0.0008780862912659106,3.3817234521893387e-14,6.989616521475484e-05,41.82477890918293,NaN,4692489.176116263,NaN
NaN,2000,NaN,NaN,NaN,NaN,0.7313692633589026,4,4,NaN,8.329715791312352e+16,1.6880420575495004e+19,2.559577301522522e+20,3.214208838500109e+17,4.02850902551257e+18,4.655921395584244e+20,6.300087716701627e+20,16937659.299764384,0.026917707746510425,146.3978972300386,22.9507848494931,0.0009224015151632651,3.685200537384094e-14,7.080885040499374e-05,41.836746484969815,NaN,4660863.705979391,NaN
NaN,2000,NaN,NaN,NaN,NaN,0.7409630453494409,4,4,NaN,8.09104165065057e+16,1.7108716936416356e+19,2.557318205327375e+20,3.2034659013266054e+17,4.2948326109487314e+18,4.6532689026670566e+20,6.298210048806265e+20,16930578.129304234,0.028643386923195575,146.46591429616973,22.81017678900788,0.0009750697539882669,4.065859314884556e-14,7.175118747348251e-05,41.84884699613063,NaN,4628803.080394057,NaN
NaN,2000,NaN,NaN,NaN,NaN,0.7505568429088683,4,4,NaN,7.852238567119912e+16,1.733785952630116e+19,2.5550506597368817e+20,3.192132105108769e+17,4.6006203514684913e+18,4.650222359058082e+20,6.296427326987129e+20,16923731.724934038,0.030678005409064582,146.53686257641633,22.66866659694926,0.0010373503005663195,4.542714551075884e-14,7.272026513115559e-05,41.861022875871946,NaN,4596292.0170040075,NaN
NaN,2000,NaN,NaN,NaN,NaN,0.7601506556442211,4,4,NaN,7.613297978239334e+16,1.7567987657606334e+19,2.552773272482721e+20,3.1801151560385664e+17,4.952230287907397e+18,4.646718276642766e+20,6.294750543793311e+20,16917138.05558696,0.033074230325718344,146.61156651735226,22.52555533596778,0.0011107498167336378,5.140128084802601e-14,7.37224070358545e-05,41.873333610613315,NaN,4563314.356054943,NaN
NaN,2000,NaN,NaN,NaN,NaN,0.7697444831772275,4,4,NaN,7.374209716451213e+16,1.7799266262963257e+19,2.550484395255329e+20,3.167308685102597e+17,5.35742709799973e+18,4.6426791150127815e+20,6.293192026036415e+20,16910816.621457588,0.03589791380969172,146.69097767862382,22.380018715282407,0.0011971414936626456,5.890689360526347e-14,7.47653662219147e-05,41.8858486509293,NaN,4529852.98961074,NaN
NaN,2000,NaN,NaN,NaN,NaN,0.7793383251435843,4,4,NaN,7.134961741737705e+16,1.8031887980808337e+19,2.5481821028743506e+20,3.1535890617280806e+17,5.825733584969576e+18,4.6380097697664736e+20,6.291765472104445e+20,16904788.983140543,0.03923163430063944,146.77614598781582,22.23113749256946,0.0012988584861468844,6.83829858095671e-14,7.585823329776998e-05,41.898644033599986,NaN,4495889.783337379,NaN
NaN,2000,NaN,NaN,NaN,NaN,0.788932181192277,4,4,NaN,6.895539862436083e+16,1.826607558592784e+19,2.5458641690110863e+20,3.13881142153417e+17,6.368888262207523e+18,4.632593000634284e+20,6.290486307730842e+20,16899079.412918847,0.04317941017826928,146.86823791256344,22.077880980809432,0.0014188139188086178,8.042533790898688e-14,7.7011718420411e-05,41.911803257784044,NaN,4461405.489885129,NaN
NaN,2000,NaN,NaN,NaN,NaN,0.7985260509849421,4,4,NaN,6.6559274428542136e+16,1.850208288097012e+19,2.5435280573026206e+20,3.1228046677572006e+17,7.001445175807095e+18,4.6262834382520635e+20,6.289371748079285e+20,16893715.838586327,0.04787301229199897,146.96848405466227,21.919162415885832,0.0015606651285267198,9.585099892668855e-14,7.823789450015596e-05,41.925411128958565,NaN,4426379.652747251,NaN
NaN,2000,NaN,NaN,NaN,NaN,0.8081199341952656,4,4,NaN,6.416105111100078e+16,1.8740200312876196e+19,2.5411708652167355e+20,3.105365123666934e+17,7.74156630651691e+18,4.618899666489052e+20,6.288441356253328e+20,16888730.674337525,0.05348048814889343,147.0782164728253,21.75380120621687,0.0017290254848502569,1.1579139997880481e-13,7.95506992073072e-05,41.939556036659646,NaN,4390790.499293034,NaN
NaN,2000,NaN,NaN,NaN,NaN,0.817713830508418,4,4,NaN,6.1760504139769656e+16,1.898075909048264e+19,2.5387892829103853e+20,3.0862483985166566e+17,8.612077140478937e+18,4.61021367487457e+20,6.2877169455946e+20,16884162.04847016,0.06021776589449593,147.19876339201215,21.580628599281727,0.001929762218005433,1.4183416637047665e-13,8.09652950838335e-05,41.95431818969247,NaN,4354614.82145829,NaN
NaN,2000,NaN,NaN,NaN,NaN,0.8273077396205212,4,4,NaN,5.935737421337763e+16,1.922415123283212e+19,2.536379392786156e+20,3.065158867600118e+17,9.641885841129357e+18,4.5999366773989854e+20,6.287222981768863e+20,16880054.23219686,0.0683646137563046,147.33146950282216,21.398455318234532,0.0021703885987039697,1.7623443690050232e-13,8.249855670066778e-05,41.96977011210282,NaN,4317827.842320047,NaN
NaN,2000,NaN,NaN,NaN,NaN,0.8369016612381475,4,4,NaN,5.695136097343295e+16,1.9470854139653358e+19,2.5339364238503438e+20,3.041735936727224e+17,1.0867909454884774e+19,4.5876998641923083e+20,6.286992041365044e+20,16876458.265073467,0.07828685019269521,147.4785617984958,21.205189336324796,0.002460488343650026,2.2219842574003362e-13,8.417737751724485e-05,41.98605675329424,NaN,4280403.0664746,NaN
NaN,2000,NaN,NaN,NaN,NaN,0.8464955950778447,4,4,NaN,5.454211536681854e+16,1.9721338032199795e+19,2.531455677380947e+20,3.0155359345324186e+17,1.2337711727210746e+19,4.573028041471239e+20,6.287070976502796e+20,16873442.16809867,0.09046753168403814,147.64369801610988,20.99735778802695,0.0028123003865572938,2.8429981516805385e-13,8.60447789560117e-05,42.00343707358913,NaN,4242312.111767567,NaN
NaN,2000,NaN,NaN,NaN,NaN,0.8560895408656892,4,4,NaN,5.21292406307001e+16,1.9976251085352505e+19,2.5289306755967808e+20,2.986007985689534e+17,1.4113168587075584e+19,4.5553030008214356e+20,6.287491332752584e+20,16871080.976078972,0.10555095630287821,147.82709646946822,20.774831830842267,0.0032423871809866673,3.6947432363087484e-13,8.811699494507423e-05,42.02182752867387,NaN,4203524.519476086,NaN
NaN,2000,NaN,NaN,NaN,NaN,0.8656834983368645,4,4,NaN,4.971227448363123e+16,2.023627719273217e+19,2.5263545841844558e+20,2.9524615173018656e+17,1.627559622800839e+19,4.5337122708804986e+20,6.288315116359959e+20,16869473.454712372,0.12440670019862457,148.03269505844767,20.533770318041114,0.003772020601802824,4.878146813151717e-13,9.044983396789767e-05,42.041462922772034,NaN,4164007.5394977317,NaN
NaN,2000,NaN,NaN,NaN,NaN,0.8752774672352609,4,4,NaN,4.729068599246369e+16,2.050229452676039e+19,2.5237186267290826e+20,2.914021988387335e+17,1.8933045001158463e+19,4.5071762226779134e+20,6.28961572256063e+20,16868737.673299905,0.1482223901431024,148.2648115066155,20.26982032372654,0.004429399503259174,6.544405636014666e-13,9.311300990970991e-05,42.06257741918844,NaN,4123725.8864337374,NaN
NaN,2000,NaN,NaN,NaN,NaN,0.8848714473130984,4,4,NaN,4.4863855711593544e+16,2.077536390502827e+19,2.5210122012492077e+20,2.869569827708318e+17,2.2230782135322386e+19,4.474243303496945e+20,6.291477173800115e+20,16869023.355280098,0.1786408287268082,148.52710418811913,19.97913979316261,0.005252560070609507,8.924795494257995e-13,9.618272088424517e-05,42.08528678157724,NaN,4082641.4616341344,NaN
NaN,2000,NaN,NaN,NaN,NaN,0.8944654383305695,4,4,NaN,4.243105582552611e+16,2.1056942915228553e+19,2.5182207391460652e+20,2.8176551100544637e+17,2.6366591259717026e+19,4.4329371269706646e+20,6.29399542982206e+20,16870512.58670932,0.21796582489174607,148.8224217163326,19.658345168521354,0.006293412894506365,1.2379209436169315e-12,9.974445170079644e-05,42.10956027973249,NaN,4040713.0352586387,NaN
NaN,2000,NaN,NaN,NaN,NaN,0.9040594400555004,4,4,NaN,3.999140357137321e+16,2.1349382450348454e+19,2.5153207403174052e+20,2.7563766545856704e+17,3.1613425854169194e+19,4.380530059481614e+20,6.297303676766614e+20,16873409.32479239,0.26947701298506904,149.15732328819095,19.299567429569752,0.00762156135202733,1.74588488487047e-12,0.00010395582427745318,42.13563849843539,NaN,3997895.8811460165,NaN
NaN,2000,NaN,NaN,NaN,NaN,0.9136534522630307,4,4,NaN,3.754375088463541e+16,2.165731561178993e+19,2.5122658852298572e+20,2.683208153247264e+17,3.835348514850058e+19,4.313202635039646e+20,6.301526658384066e+20,16877881.3803938,0.33791609893387137,149.536674413282,18.894781257279412,0.009333021462439256,2.5028470228362307e-12,0.00010901297767305066,42.163538881771835,NaN,3954141.35570591,NaN
NaN,2000,NaN,NaN,NaN,NaN,0.9232474747353095,4,4,NaN,3.508639225824518e+16,2.19919479286635e+19,2.508944135647387e+20,2.5947441160852182e+17,4.7130357047179125e+19,4.22552238009002e+20,6.306701068749725e+20,16883825.049383894,0.4302545512408443,149.9615407248221,18.434778845232593,0.011561195425145498,3.645219446449565e-12,0.0001151771145296875,42.19300702029326,NaN,3909396.4100569957,NaN
NaN,2000,NaN,NaN,NaN,NaN,0.9328415072612071,4,4,NaN,3.2616217042267828e+16,2.2384048503989445e+19,2.5050478316462857e+20,2.4863222897289574e+17,5.873024576565544e+19,4.109631914731615e+20,6.312508523891411e+20,16890071.748551622,0.5569298536516867,150.42543242667045,17.903743201814994,0.014489129733335732,5.38307019021191e-12,0.00012287364027597047,42.22375641249465,NaN,3863603.022108652,NaN
NaN,2000,NaN,NaN,NaN,NaN,0.9424355496360406,4,4,NaN,3.0126188063452284e+16,2.2923944834192495e+19,2.499673768634044e+20,2.3514521724219328e+17,7.431097796762418e+19,3.9539594628292385e+20,6.317310126828303e+20,16891807.83632411,0.733870293140796,150.88758994281974,17.278116546382332,0.018368826684940522,8.031946206886412e-12,0.00013275420515651632,42.255001782267314,NaN,3816697.532050241,NaN
NaN,2000,NaN,NaN,NaN,NaN,0.9520296016613153,4,4,NaN,2.7597707985906656e+16,2.3885368657976185e+19,2.4900848151969802e+20,2.1809329242935062e+17,9.561119839212385e+19,3.741127777832365e+20,6.315086066542116e+20,16872348.363188382,0.9858859856619777,151.19619486877303,16.517714277912635,0.02354263190488395,1.2030998870540753e-11,0.00014586761914277125,42.28496772211441,NaN,3768609.86054124,NaN
NaN,2000,NaN,NaN,NaN,NaN,0.9616236631444769,4,4,NaN,2.497728802288134e+16,2.61106475519949e+19,2.467858230456423e+20,1.9614625643821578e+17,1.2529747555591057e+20,3.444484476554417e+20,6.285712369174607e+20,16777123.77795885,1.3524699785554986,150.84523317463808,15.542909387406485,0.030461240766614644,1.7870384711784847e-11,0.00016399820381971712,42.30961048073877,NaN,3719262.583466803,NaN
NaN,2000,NaN,NaN,NaN,NaN,0.971217733898677,4,4,NaN,2.2104826637112196e+16,3.221173550306916e+19,2.406876075559537e+20,1.6733924565551837e+17,1.6755583463735017e+20,3.022188955847851e+20,6.164210479921964e+20,16431759.257254863,1.897915908060843,148.19902979694754,14.180760328568368,0.03969632967622204,2.5701659348809867e-11,0.0001902092697465495,42.31787077352671,NaN,3668569.8299908256,NaN
NaN,2000,NaN,NaN,NaN,NaN,0.98081181374255,4,4,NaN,1.8492480033371784e+16,5.031063192825572e+19,2.2259232347737103e+20,1.2869969083094867e+17,2.2913717010001363e+20,2.406761996769469e+20,5.7441790761895035e+20,15285330.316898756,2.729129460697767,138.04870218650538,12.023286012631882,0.05195582185543102,3.394939242764097e-11,0.00022968726268214737,42.272125701816876,NaN,3616435.9611714305,NaN
NaN,2000,NaN,NaN,NaN,NaN,0.9904059025,4,4,NaN,1.2644142666999596e+16,1.0553256941939532e+20,1.6737623432359752e+20,7.559935469902896e+16,3.213483124922399e+20,1.4851815762085167e+20,4.379552743602672e+20,11618509.95744709,4.024128780710402,104.03681083308217,8.05575910996368,0.06810994697495366,3.467827592656497e-11,0.0002909037037162774,41.97472676740114,NaN,3562753.9736997047,NaN
