# z(m),p_tot(bar),T(K),p_H2O(bar),p_CO2(bar),p_CO(bar),p_H2(bar),p_CH4(bar),p_O2(bar)
6.238657340812807670e+05,1.000003894698942258e-06,1.031020842004754286e+03,2.552308019280745487e-08,8.498316633948193988e-07,4.057489846620852718e-13,1.545491244095059836e-14,9.860931714837976077e-49,1.246487299074180481e-07
6.238656361485837260e+05,1.000007789413162282e-06,1.031020842010852903e+03,2.552317959756421844e-08,8.498349732345313735e-07,4.057497748766267327e-13,1.545494253972970132e-14,9.860970125748141161e-49,1.246492153763492908e-07
6.238654402831912739e+05,1.000015578872157986e-06,1.031020842023050363e+03,2.552337840785764126e-08,8.498415929399219648e-07,4.057513553073149928e-13,1.545500273734856748e-14,9.861046947870915035e-49,1.246501863180202216e-07
6.238652444177987054e+05,1.000023368392265000e-06,1.031020842035247824e+03,2.552357721971080907e-08,8.498482126972466872e-07,4.057529357442389648e-13,1.545506293520526889e-14,9.861123770596289793e-49,1.246511572673087314e-07
6.238650485524061369e+05,1.000031157973483747e-06,1.031020842047445512e+03,2.552377603312372850e-08,8.498548325065060701e-07,4.057545161874146027e-13,1.545512313329977085e-14,9.861200593924497887e-49,1.246521282242144762e-07
6.238630898984766100e+05,1.000109057146925800e-06,1.031020842169427397e+03,2.552576425304219314e-08,8.499210334555895531e-07,4.057703209626759065e-13,1.545572512732916555e-14,9.861968860366670813e-49,1.246618382122476394e-07
6.238611312445471995e+05,1.000186962432084108e-06,1.031020842291418830e+03,2.552775262894997734e-08,8.499872395985860009e-07,4.057861263625265284e-13,1.545632714514837425e-14,9.862737187101888545e-49,1.246715489620945061e-07
6.238591725906176725e+05,1.000264873829439576e-06,1.031020842413419587e+03,2.552974116085935647e-08,8.500534509359033658e-07,4.058019323869972150e-13,1.545692918675769041e-14,9.863505574134218221e-49,1.246812604738150569e-07
6.238572139366881456e+05,1.000342791339475224e-06,1.031020842535429892e+03,2.553172984878264227e-08,8.501196674679525646e-07,4.058177390361047786e-13,1.545753125215836043e-14,9.864274021468469919e-49,1.246909727474698283e-07
6.238376273973928764e+05,1.001122302743528955e-06,1.031020843756056138e+03,2.555162531149353311e-08,8.507821185890066002e-07,4.059758398880603544e-13,1.546355321490203571e-14,9.871961812484413082e-49,1.247881374036358554e-07
6.238180408580976073e+05,1.001902425947135195e-06,1.031020844977633487e+03,2.557153638916217712e-08,8.514450896349347232e-07,4.061340032317960103e-13,1.546957755783294827e-14,9.879655638966969396e-49,1.248853783194575671e-07
6.237984543188024545e+05,1.002683161433877971e-06,1.031020846200162850e+03,2.559146309413111158e-08,8.521085810167008023e-07,4.062922290923738447e-13,1.547560428190594167e-14,9.887355505689727890e-49,1.249826955552126338e-07
6.237788677795071853e+05,1.003464509687729461e-06,1.031020847423644909e+03,2.561140543875273708e-08,8.527725931455982022e-07,4.064505174948781199e-13,1.548163338807565435e-14,9.895061417429922368e-49,1.250800891712275888e-07
6.235830023865521653e+05,1.011311801173616227e-06,1.031020859711026105e+03,2.581169179061060750e-08,8.594414462514556827e-07,4.080368468500223095e-13,1.554205567549140902e-14,9.972454064524219363e-49,1.260582395526476222e-07
6.233871369935971452e+05,1.019220904596735916e-06,1.031020872094499055e+03,2.601355576832002931e-08,8.661628289212530544e-07,4.096294580502634669e-13,1.560271722572594466e-14,1.005045649636427755e-48,1.270440946749876710e-07
6.231912716006421251e+05,1.027192310350473160e-06,1.031020884574820911e+03,2.621700988819086248e-08,8.729371579054427946e-07,4.112283763416713295e-13,1.566361900024905097e-14,1.012907355349139904e-48,1.280377156648442037e-07
6.229954062076871051e+05,1.035226512717715672e-06,1.031020897152754515e+03,2.642206676580476185e-08,8.797648532598907910e-07,4.128336270676159853e-13,1.572476196423373995e-14,1.020831011488197393e-48,1.290391641336308105e-07
6.227995408147320850e+05,1.043324009938145514e-06,1.031020909829068842e+03,2.662873911773261255e-08,8.866463384030597470e-07,4.144452356763527520e-13,1.578614708684808345e-14,1.028817109861222024e-48,1.300485021859707113e-07
6.223503542453667615e+05,1.062136097091619885e-06,1.031020939275930914e+03,2.710887985761872089e-08,9.026333890946836077e-07,4.181653554212306792e-13,1.592784399111062756e-14,1.047370466309352662e-48,1.323933940461182304e-07
6.219011676760015544e+05,1.081289865248041637e-06,1.031020969253777821e+03,2.759774132055666439e-08,9.189108101414471314e-07,4.219193588171800378e-13,1.607083145181315716e-14,1.066260906222090186e-48,1.347808757958476372e-07
6.215343733901621308e+05,1.097188111816594841e-06,1.031020994133455815e+03,2.800351213478660633e-08,9.324215956893888360e-07,4.250101311277224687e-13,1.618855684962071044e-14,1.081940659792727255e-48,1.367625627937313256e-07
6.211675791043225909e+05,1.113321815424609185e-06,1.031021019378957590e+03,2.841529251823644624e-08,9.461324794100813749e-07,4.281238776125942398e-13,1.630715728337494831e-14,1.097852706744548279e-48,1.387735990652566329e-07
6.208007848184831673e+05,1.129694488410440483e-06,1.031021044995701459e+03,2.883317211631476887e-08,9.600464461900498901e-07,4.312607715716273839e-13,1.642663935292079531e-14,1.114000514358638785e-48,1.408144224166648787e-07
6.204339905326437438e+05,1.146309695870990273e-06,1.031021070989186228e+03,2.925724192098664206e-08,9.741665257515585051e-07,4.344209876306459130e-13,1.654700970858459727e-14,1.130387602061113540e-48,1.428854772304478684e-07
6.200671962468043203e+05,1.163171056470893539e-06,1.031021097364993011e+03,2.968759429142635130e-08,9.884957933402779400e-07,4.376047017539610716e-13,1.666827505164880414e-14,1.147017542225075731e-48,1.449872145662128670e-07
6.197004019609648967e+05,1.180282243250989641e-06,1.031021124128786141e+03,3.012432297465209504e-08,1.003037370412349617e-06,4.408120912544005487e-13,1.679044213473455181e-14,1.163893960971607159e-48,1.471200922614546121e-07
6.189668133892873302e+05,1.215269064353310619e-06,1.031021178843412144e+03,3.101729133327567043e-08,1.032770174096211401e-06,4.472986124452795884e-13,1.703750879060371333e-14,1.198401012347852528e-48,1.514811345877031048e-07
6.182332248176098801e+05,1.251300662597694036e-06,1.031021235180092162e+03,3.193692553561458994e-08,1.063390859489874134e-06,4.538819970760311646e-13,1.728826473912383877e-14,1.233938871399401800e-48,1.559724064019440854e-07
6.174996362459324300e+05,1.288408465438536616e-06,1.031021293187268157e+03,3.288402770456294903e-08,1.094926134551425043e-06,4.605637132844867343e-13,1.754276589083031952e-14,1.270538566831920561e-48,1.605978250760705404e-07
6.167660476742549799e+05,1.326624852516954665e-06,1.031021352914840236e+03,3.385942426567680908e-08,1.127403516434747753e-06,4.673452518158350265e-13,1.780106901687966753e-14,1.308232068752972742e-48,1.653614266702102975e-07
6.160324591025774134e+05,1.365983184720703822e-06,1.031021414414208721e+03,3.486396668887067663e-08,1.160851356185482551e-06,4.742281263783398979e-13,1.806323176257524859e-14,1.347052317480682861e-48,1.702673695549931531e-07
6.152988705308999633e+05,1.406517834141788553e-06,1.031021477738321892e+03,3.589853225302547596e-08,1.195298864199869201e-06,4.812138740056073728e-13,1.832931266114398395e-14,1.387033253248433294e-48,1.753199381457077435e-07
6.145652819592225133e+05,1.448264214943325307e-06,1.031021542941721464e+03,3.696402483380368926e-08,1.230776136456300645e-06,4.883040554226617348e-13,1.859937114765450721e-14,1.428209846815349395e-48,1.805235467497949975e-07
6.133573875149270752e+05,1.519739246898735937e-06,1.031021654546956825e+03,3.878828157886392739e-08,1.291517669819407896e-06,5.002101873462191808e-13,1.905286429192377473e-14,1.498710459673296514e-48,1.894327762374127019e-07
6.121494930706316372e+05,1.594768298022396980e-06,1.031021771661088451e+03,4.070324754578132519e-08,1.355279511094301313e-06,5.124109802310056704e-13,1.951758017104409556e-14,1.572718171237884284e-48,1.987850074537539238e-07
6.109415986263361992e+05,1.673529404869069449e-06,1.031021894558083886e+03,4.271346676145122282e-08,1.422212960886621486e-06,5.249138381339334963e-13,1.999380073653009025e-14,1.650408822352478125e-48,2.086024323133574924e-07
6.097337041820407612e+05,1.756209588363137916e-06,1.031022023525636541e+03,4.482371256083961802e-08,1.492476954979034293e-06,5.377263542728782805e-13,2.048181513978317337e-14,1.731967143147645922e-48,2.189083626150947925e-07
6.085258097377453232e+05,1.843005310470743396e-06,1.031022158865858955e+03,4.703899924262654425e-08,1.566238452424416311e-06,5.508563159610348851e-13,2.098191991964015082e-14,1.817587206484207571e-48,2.297272869654651020e-07
6.073179152934498852e+05,1.934122954281146202e-06,1.031022300896010393e+03,4.936459432232340811e-08,1.643672843532886734e-06,5.643117096790625084e-13,2.149441919513831143e-14,1.907472904804859606e-48,2.410849306198073350e-07
6.061100208491544472e+05,2.029779328659175445e-06,1.031022449949262182e+03,5.180603141251766554e-08,1.724964378740050947e-06,5.781007262819549056e-13,2.201962486338373223e-14,2.001838451572798284e-48,2.530083183862557063e-07
6.049021264048590092e+05,2.130202198752525758e-06,1.031022606375500800e+03,5.436912376301143944e-08,1.810306619447448575e-06,5.922317663472039018e-13,2.255785680276082530e-14,2.100908908600220525e-48,2.655258407524429451e-07
6.033254176372570219e+05,2.268857794094727500e-06,1.031022822269388826e+03,5.790802977325861832e-08,1.928140129480894906e-06,6.112064555504526409e-13,2.328057513234271358e-14,2.237701807061716426e-48,2.828090003535434009e-07
6.017487088696550345e+05,2.416607415033262327e-06,1.031023052218998146e+03,6.167904258183659238e-08,2.053702004742210493e-06,6.307983537435637401e-13,2.402680011943612364e-14,2.383472435272794418e-48,3.012257128840612186e-07
6.001720001020530472e+05,2.574052016087911066e-06,1.031023297146393134e+03,6.569750035087962298e-08,2.187502953743511795e-06,6.510278557195929274e-13,2.479730831595624943e-14,2.538814852246217954e-48,3.208508861683563238e-07
5.985952913344510598e+05,2.741832560742812852e-06,1.031023558034581356e+03,6.997976239134889417e-08,2.330087685771628852e-06,6.719160424618666972e-13,2.559290238204267896e-14,2.704362773572159932e-48,3.417644150708899730e-07
5.970185825668491889e+05,2.920632704715269014e-06,1.031023835931570602e+03,7.454327764810528112e-08,2.482037191207550638e-06,6.934847048219387904e-13,2.641441198504656927e-14,2.880792245531412481e-48,3.640515159604963695e-07
5.954418737992472015e+05,3.111181660494764150e-06,1.031024131954699442e+03,7.940665781154207233e-08,2.643971175894542765e-06,7.157563680532387651e-13,2.726269473081801523e-14,3.068824501836359258e-48,3.878030837696161791e-07
5.938651650316452142e+05,3.314257255481207704e-06,1.031024447295257460e+03,8.458975537045110662e-08,2.816550660032489236e-06,7.387543172336117605e-13,2.813863712852830243e-14,3.269229015686941599e-48,4.131160731853119409e-07
5.922884562640432268e+05,3.530689196899220461e-06,1.031024783223415625e+03,9.011374694243396425e-08,3.000480752796492145e-06,7.625026236124767523e-13,2.904315559035213172e-14,3.482826760746331984e-48,4.400939056145135056e-07
5.907117474964412395e+05,3.761362557570005439e-06,1.031025141093488401e+03,9.600122224126184868e-08,3.196513614646647247e-06,7.870261719199572878e-13,2.997719746739612490e-14,3.710493695611609300e-48,4.688469036787277206e-07
5.887261210760134272e+05,4.073587002990812893e-06,1.031025625234043446e+03,1.039701256229989406e-07,3.461850937454014375e-06,8.190526270808661607e-13,3.119700071942673730e-14,4.018672268864142797e-48,5.077650896641708419e-07
5.867404946555854985e+05,4.411929311693786241e-06,1.031026149573355951e+03,1.126056352036127532e-07,3.749383974377289376e-06,8.524028106933647305e-13,3.246721384806648395e-14,4.352660673462015877e-48,5.499388172428615081e-07
5.847548682351576863e+05,4.778590992403257790e-06,1.031026717474918769e+03,1.219639400909822575e-07,4.060983631158119215e-06,8.871323684666769396e-13,3.378995499136842502e-14,4.714639718270705607e-48,5.956425002318315096e-07
5.827692418147298740e+05,5.175960525559554127e-06,1.031027332585792237e+03,1.321060014722739223e-07,4.398679707509604767e-06,9.232993358786397018e-13,3.516743313245631390e-14,5.106976341645161024e-48,6.451738581109061714e-07
5.807836153943020618e+05,5.606629361091658200e-06,1.031027998860688513e+03,1.430979609251137306e-07,4.764674492486298236e-06,9.609642444345741529e-13,3.660195212348345070e-14,5.532239697188201213e-48,6.988559101140506957e-07
5.787979889738742495e+05,6.073409295027308022e-06,1.031028720588116585e+03,1.550115839208291126e-07,5.161357531630153165e-06,1.000190232994252831e-12,3.809591489958558624e-14,5.993218654032568538e-48,7.570391411901782879e-07
5.768123625534464372e+05,6.579351344636638177e-06,1.031029502418766469e+03,1.679247415747649829e-07,5.591321667613647499e-06,1.041043164447830793e-12,3.965182789313032396e-14,6.492940839408203578e-48,8.201038547532351616e-07
5.748267361330186250e+05,7.127766252263543021e-06,1.031030349396321981e+03,1.819219339655981323e-07,6.057380464988828893e-06,1.083591748040641401e-12,4.127230565922462103e-14,7.034693363283023705e-48,8.884627284450612320e-07
5.728411097125908127e+05,7.722246759366974744e-06,1.031031266990915583e+03,1.970948586357234196e-07,6.562587139312021211e-06,1.127907667667865253e-12,4.296007572421311017e-14,7.622045378136737042e-48,9.625635905514880750e-07
5.708554832921628840e+05,8.366691804696456110e-06,1.031032261135450881e+03,2.135430282013186260e-07,7.110255121453403680e-06,1.174065716485159911e-12,4.471798366975626356e-14,8.258872641539251724e-48,1.042892436258036185e-06
5.685608120525272097e+05,9.179235541959419181e-06,1.031033513816827053e+03,2.342815804614159221e-07,7.800778222681654752e-06,1.229804780427424017e-12,4.684075244996562547e-14,9.061974343886920689e-48,1.144174462170816787e-06
5.662661408128915355e+05,1.007130700115650873e-05,1.031034888189919911e+03,2.570499187590728729e-07,8.558886279528453911e-06,1.288234497872294996e-12,4.906595821224697856e-14,9.943888620915174343e-48,1.255369465568524665e-06
5.639714695732558612e+05,1.105075001441779252e-05,1.031036396168043666e+03,2.820482412276455966e-07,9.391245207334077583e-06,1.349487378594685450e-12,5.139864072494063505e-14,1.091243143441765813e-47,1.377455164970048318e-06
5.616767983336201869e+05,1.212618793654514819e-05,1.031038050839641755e+03,3.094966417585600945e-07,1.030518338235366515e-05,1.413702659931828408e-12,5.384409487107140284e-14,1.197620425236476986e-47,1.511506444886166642e-06
5.593821270939845126e+05,1.330710169248687267e-05,1.031039866585052550e+03,3.396371020071145062e-07,1.130875796875918296e-05,1.481026669288966024e-12,5.640788428313937479e-14,1.314467450072752070e-47,1.658705084286019219e-06
5.570874558543488383e+05,1.460391569578781849e-05,1.031041859204956381e+03,3.727356842892020375e-07,1.241082793462412155e-05,1.551613208834230093e-12,5.909585579661255886e-14,1.442826450320127935e-47,1.820350466165428990e-06
5.547927846147131640e+05,1.602809243727272036e-05,1.031044046061682366e+03,4.090849457684073247e-07,1.362113443612325335e-05,1.625623964099587933e-12,6.191415478342367961e-14,1.583844984893196756e-47,1.997871367842943861e-06
5.524981133750774898e+05,1.759223662490305208e-05,1.031046446234668110e+03,4.490065964177196005e-07,1.495038931859595083e-05,1.703228938382209526e-12,6.486924143290082287e-14,1.738786824085819877e-47,2.192838941791203428e-06
5.502034421354416991e+05,1.931020984579007022e-05,1.031049080691498602e+03,4.928544255382541079e-07,1.641037255964238441e-05,1.784606915040970646e-12,6.796790805446387595e-14,1.909044000483402327e-47,2.406981008034608629e-06
5.479087708958060248e+05,2.119725682067075858e-05,1.031051972476094534e+03,5.410175241524206421e-07,1.801403956383001634e-05,1.869945950011812980e-12,7.121729748427715241e-14,2.096150158466793419e-47,2.642197791525073622e-06
5.456140996561703505e+05,2.327014443066229739e-05,1.031055146915779687e+03,5.939238333839768645e-07,1.977563931165200108e-05,1.959443897123129452e-12,7.462492268685982601e-14,2.301795351317047386e-47,2.900579251557493825e-06
5.433194284165346762e+05,2.554731481687957736e-05,1.031058631849130506e+03,6.520440520197844550e-07,2.171084446801178783e-05,2.053308969085696260e-12,7.819868765270803194e-14,2.527842453758189459e-47,3.184424165340346147e-06
5.410247571768990019e+05,2.804905398668692873e-05,1.031062457876703547e+03,7.158959398474161079e-07,2.383689466869414364e-05,2.151760337366181629e-12,8.194690970435812663e-14,2.776345379300963120e-47,3.496261144438129872e-06
5.387300859372633277e+05,3.079767750722227728e-05,1.031066658636951843e+03,7.860490571112396142e-07,2.617275432809471763e-05,2.255028774533219753e-12,8.587834333627291077e-14,3.049569316425891800e-47,3.838871781109203530e-06
5.364354146976276534e+05,3.381773502880301881e-05,1.031071271109869485e+03,8.631299845636029864e-07,2.873928644912791355e-05,2.363357343099400658e-12,9.000220572868247643e-14,3.350013225994881952e-47,4.215316141751963776e-06
5.341407434579919791e+05,3.713623555943733096e-05,1.031076335951162946e+03,9.478280731465137595e-07,3.155944406802457407e-05,2.477002135378818174e-12,9.432820409230930545e-14,3.680434874934229964e-47,4.628960846935900803e-06
5.318460722183563048e+05,4.078289560863459433e-05,1.031081897860033678e+03,1.040901777366475419e-06,3.465848113412187516e-05,2.596233069447191370e-12,9.886656502015217051e-14,4.043878718946597315e-47,5.083510002046609024e-06
5.295514009787206305e+05,4.479041253591777634e-05,1.031088005983961239e+03,1.143185631968965446e-06,3.806418480933798561e-05,2.721334746942912105e-12,1.036280660444398326e-13,4.443706990667327131e-47,5.583039269648003702e-06
5.272567297390848398e+05,4.919476567895715797e-05,1.031094714364223591e+03,1.255597937632237172e-06,4.180713137557313458e-05,2.852607379193831957e-12,1.086240696220527215e-13,4.883634400371632105e-47,6.132033404520320009e-06
5.249620584994491655e+05,5.403554810035379296e-05,1.031102082426264133e+03,1.379149228140959534e-06,4.592096816272471456e-05,2.990367789011153406e-12,1.138665598005399273e-13,5.367766915339303332e-47,6.735427605253761756e-06
5.226673872598135495e+05,5.935633208331074587e-05,1.031110175519433369e+03,1.514951598932768851e-06,5.044272415748408879e-05,3.134950496479266041e-12,1.193681818500473232e-13,5.900645152862976316e-47,7.398653072575215006e-06
5.203727160201778170e+05,6.520507182750363113e-05,1.031119065511083136e+03,1.664228985105571743e-06,5.541315222593897984e-05,3.286708898206377192e-12,1.251422851844545580e-13,6.487293002498960500e-47,8.127687204607892549e-06
5.180780447805421427e+05,7.163454715043526919e-05,1.031128831440494423e+03,1.828328486007868858e-06,6.087710618382274127e-05,3.446016550807818124e-12,1.312029699389618501e-13,7.133272187800361997e-47,8.929108903385118339e-06
5.157833735409064684e+05,7.870285238977156562e-05,1.031139560238672175e+03,2.008732843493802160e-06,6.688395627986545063e-05,3.613268570908566777e-12,1.375651376218093968e-13,7.844743589179125780e-47,9.810159515578589890e-06
5.134887023012707941e+05,8.647393513227140600e-05,1.031151347520635227e+03,2.207074191902418405e-06,7.348804702322606389e-05,3.788883165694095852e-12,1.442445463160688233e-13,8.628536281061119669e-47,1.077880998401524134e-05
5.111940310616351198e+05,9.501818986897034942e-05,1.031164298457505311e+03,2.425149209919812530e-06,8.074920168884460315e-05,3.973303310061811168e-12,1.512578709747809015e-13,9.492225392238189135e-47,1.184383484564475479e-05
5.088993598219993873e+05,1.044131121986692918e-04,1.031178528736411863e+03,2.664935817815732015e-06,8.873327827849575213e-05,4.166998588760894579e-12,1.586227694303992885e-13,1.044422008322404701e-46,1.301489377673643160e-05
5.066046885823637131e+05,1.147440197773570638e-04,1.031194165617040426e+03,2.928611578236757220e-06,9.751278220446810542e-05,4.370467224625146697e-12,1.663579548297053333e-13,1.149386315467873171e-46,1.430262145782703057e-05
5.043100173427280388e+05,1.261048468452621927e-04,1.031211349094515981e+03,3.218573974921417068e-06,1.071675415016419059e-04,4.584238317147676333e-12,1.744832753094771276e-13,1.265154406399936552e-46,1.571872660997728567e-05
5.020153461030923645e+05,1.385990198615833446e-04,1.031230233179276411e+03,3.537462761526724821e-06,1.177854509672188882e-04,4.808874319307772325e-12,1.830198018494163077e-13,1.392882744234956626e-46,1.727610114094364126e-05
4.997206748634566902e+05,1.523404225459318870e-04,1.031250987305636954e+03,3.888184592382319657e-06,1.294632922808626430e-04,5.044973784818295222e-12,1.919899253793024026e-13,1.533859958307929908e-46,1.898894043572321434e-05
4.974260036238209577e+05,1.674544594720562001e-04,1.031273797881892051e+03,4.273940168594694085e-06,1.423076378774198482e-04,5.293174422920626148e-12,2.014174643808138715e-13,1.689523582890386086e-46,2.087287593144977166e-05
4.951313323841852834e+05,1.840792282910474402e-04,1.031298869996054918e+03,4.698254156701787669e-06,1.564358471361177263e-04,5.554156503645294318e-12,2.113277844148360394e-13,1.861479233699089089e-46,2.294512123274361940e-05
4.928366611445496092e+05,2.023668116861699305e-04,1.031326429292698094e+03,5.165008163238038875e-06,1.719771643211605164e-04,5.828646663213994497e-12,2.217479312267720540e-13,2.051522637020336695e-46,2.522463315137680128e-05
4.905419899049139349e+05,2.224847012886311496e-04,1.031356724037852473e+03,5.678477077338679025e-06,1.890739286665501237e-04,6.117422167171046949e-12,2.327067793415033188e-13,2.261665007673486652e-46,2.773228919461337042e-05
4.882473186652782606e+05,2.446173670226895087e-04,1.031390027390538762e+03,6.243369125137235362e-06,2.078829080509662062e-04,6.421315698097066041e-12,2.442351983621122941e-13,2.494162371367539529e-46,3.049108318103515276e-05
4.859526474256425281e+05,2.689679867099534368e-04,1.031426639901267208e+03,6.864870014458585311e-06,2.285767688655434724e-04,6.741220745634820339e-12,2.563662395408234971e-13,2.751549548622696728e-46,3.352634083236434977e-05
4.836579761860068538e+05,2.957603522578506022e-04,1.031466892259759334e+03,7.548691586470066025e-06,2.513456959479859129e-04,7.078097689332547338e-12,2.691353456059021762e-13,3.036679666820428686e-46,3.686595737616163790e-05
4.813633049463711795e+05,3.252409703981877726e-04,1.031511148316206345e+03,8.301125432834794121e-06,2.763991778509767650e-04,7.432980679866017267e-12,2.825805873156172605e-13,3.352770251088409096e-46,4.054065939881501844e-05
4.790686337067355053e+05,3.576813777415024584e-04,1.031559808402619637e+03,9.129101982847285539e-06,3.039679742423492684e-04,7.806985441937156981e-12,2.967429307838375105e-13,3.703457172487031246e-46,4.458429341257759898e-05
4.767739624670998310e+05,3.933806918854361283e-04,1.031613312983237620e+03,1.004025561537613416e-05,3.343062839107939434e-04,8.201318143130542669e-12,3.116665402969629550e-13,4.092858014697172933e-46,4.903414384628125935e-05
4.744792912274640985e+05,4.326684224754047425e-04,1.031672146665542186e+03,1.104299640556962750e-05,3.676941336865490882e-04,8.617285497833008288e-12,3.273991221388844452e-13,4.525646772680975244e-46,5.393128343860127319e-05
4.721846199878284242e+05,4.759075684790278174e-04,1.031736842606205528e+03,1.214658917659541716e-05,4.044400105948244397e-04,9.056306304793205592e-12,3.439923158828824975e-13,5.007142237378939267e-46,5.932095930730928385e-05
4.698899487481927499e+05,5.234980305184900326e-04,1.031807987349249970e+03,1.336124059260433254e-05,4.448837617545690665e-04,9.519924651928515001e-12,3.615021407254621540e-13,5.543412973744652315e-46,6.525301828988985971e-05
4.675952775085570756e+05,5.758803699243301771e-04,1.031886226136834239e+03,1.469819510106558837e-05,4.893997889311409643e-04,1.000982506375890906e-11,3.799895057622950350e-13,6.141402496959392092e-46,7.178237550230913584e-05
4.653006062689214014e+05,6.335399492476881779e-04,1.031972268736399656e+03,1.616984061106674090e-05,5.384005672634086317e-04,1.052784991673440598e-11,3.995207946829177126e-13,6.809079134872441584e-46,7.896953044584226189e-05
4.630059350292856689e+05,6.970114923137542013e-04,1.032066895831377224e+03,1.778982487956432432e-05,5.923405205291024708e-04,1.107601950750234883e-11,4.201685372410162629e-13,7.555616187942191368e-46,8.688113540889942231e-05
4.607112637896499946e+05,7.668841055350611707e-04,1.032170966026283395e+03,1.957318367037010545e-05,6.517202884021278640e-04,1.165655523094232439e-11,4.420121821044703519e-13,8.391609432966979566e-46,9.559062136399566832e-05
4.584165925500143203e+05,8.438068061470914687e-04,1.032285423520756240e+03,2.153648185131608548e-05,7.170914245071198815e-04,1.227190641125953918e-11,4.651389883829193747e-13,9.329340858941011506e-46,1.051788870516098069e-04
4.561219213103786460e+05,9.284946072973919310e-04,1.032411306510891336e+03,2.369796870399247911e-05,7.890615677042230134e-04,1.292478143385386562e-11,4.896450563670569744e-13,1.038309989957027901e-45,1.157350574747497611e-04
4.538272500707429717e+05,1.021735214528655218e-03,1.032549756380059989e+03,2.607774883809452774e-05,8.683001329541454325e-04,1.361818395221607249e-11,5.156365219138450999e-13,1.156957650794982342e-45,1.273573186025952955e-04
4.515325788311072392e+05,1.124396393159569733e-03,1.032702027745154282e+03,2.869797022909386717e-05,9.555445723315426302e-04,1.435545509785590858e-11,5.432309436242656572e-13,1.290834443487260036e-45,1.401538357002471067e-04
4.491543400687912363e+05,1.241759686019795056e-03,1.032875904252143982e+03,3.169343370150674491e-05,1.055283293723967850e-03,1.516985639545021470e-11,5.736615163135510869e-13,1.448124341741666350e-45,1.547829428508028671e-04
4.467761013064752333e+05,1.371444121564152933e-03,1.033067798915035382e+03,3.500336971582627607e-05,1.165492878641838934e-03,1.604004266445208031e-11,6.061166539887363338e-13,1.627299140349657654e-45,1.709478565603281340e-04
4.443978625441592303e+05,1.514747901136441824e-03,1.033279574135370012e+03,3.866091226679982748e-05,1.287276576147286739e-03,1.697126407329228972e-11,6.407785720966592672e-13,1.832004638856072234e-45,1.888103951103124994e-04
4.420196237818432273e+05,1.673105907543523006e-03,1.033513282128097899e+03,4.270268387034569321e-05,1.421853791164085900e-03,1.796946188675700635e-11,6.778524712951480039e-13,2.066626159098893934e-45,2.085494138617767837e-04
4.396413850195272826e+05,1.848103954964721261e-03,1.033771183509531284e+03,4.716915926400843669e-05,1.570572194462867797e-03,1.904138315915092947e-11,7.175702265805876293e-13,2.336467907052390399e-45,2.303625814788917172e-04
4.372631462572112796e+05,2.041494481298616014e-03,1.034055767521735334e+03,5.210506592274546955e-05,1.734921058471333840e-03,2.019471745201312612e-11,7.601947629823831553e-13,2.647982865302171966e-45,2.544683359496246089e-04
4.348849074948952766e+05,2.255213818185496186e-03,1.034369773994440948e+03,5.755982484173058507e-05,1.916545933838873384e-03,2.143826032532727167e-11,8.060252608066317778e-13,3.009069400099573028e-45,2.811080372606070544e-04
4.325066687325792736e+05,2.491401184104310215e-03,1.034716217141266270e+03,6.358803529718943517e-05,2.117264790319688811e-03,2.278210949407716776e-11,8.554033665140293213e-13,3.429456582694162722e-45,3.105483348499181472e-04
4.301284299702632707e+05,2.752419556271405981e-03,1.035098411279406946e+03,7.025000755989434730e-05,2.339085754316011859e-03,2.423790099032052808e-11,9.087206269105716821e-13,3.921208363555638842e-45,3.430837692488790543e-04
4.277501912079472677e+05,3.040878587404681650e-03,1.035519998550169248e+03,7.761234779976014433e-05,2.584226584207031940e-03,2.581909451441213439e-11,9.664274168044300796e-13,4.499388223659175004e-45,3.790396286123673603e-04
4.253719524456312647e+05,3.359659743550194155e-03,1.035984978700827696e+03,8.574859967861784530e-05,2.855136033200900668e-03,2.754131951600816319e-11,1.029043696761265129e-12,5.182942276631396594e-45,4.187750821003132298e-04
4.229937136833152617e+05,3.711943848834940371e-03,1.036497740965180810e+03,9.473994737496629264e-05,3.154517257662139366e-03,2.942279657291013125e-11,1.097172022167667764e-12,5.995882280172356661e-45,4.626866132778678013e-04
4.206154749209992588e+05,4.101241231879352786e-03,1.037063098049612563e+03,1.046759850108841609e-04,3.485353436404615632e-03,3.148485254256820441e-11,1.171513332877431435e-12,6.968884066663482886e-45,5.112117778074866262e-04
4.182372361586832558e+05,4.531424676271681926e-03,1.037686322192042098e+03,1.156555576470136521e-04,3.850935772957302539e-03,3.375255302653385391e-11,1.252886191392693733e-12,8.141466760352954392e-45,5.648333106619254831e-04
4.158589973963672528e+05,5.006765383486753464e-03,1.038373183211341711e+03,1.277876791641601340e-04,4.254894057892216579e-03,3.625548228783932604e-11,1.342250316279247097e-12,9.564991894279566956e-45,6.240836088326421737e-04
4.134807586340512498e+05,5.531972160343173218e-03,1.039129988403013158e+03,1.411925324447845507e-04,4.701229971458186808e-03,3.902870940206042740e-11,1.440735488938998410e-12,1.130683177907880095e-44,6.895496159707557599e-04
4.115067882954836241e+05,6.009474496347986909e-03,1.039816182266917167e+03,1.533798252163384962e-04,5.107025271044128394e-03,4.156548667691411990e-11,1.530356210908369185e-12,1.305741948208001934e-44,7.490693569916773153e-04
4.095328179569159402e+05,6.528136589572443305e-03,1.040559556361455179e+03,1.666176385267320115e-04,5.547799323058800157e-03,4.434518295187077918e-11,1.628068340829732149e-12,1.515457757411435072e-44,8.137195820136569613e-04
4.075588476183483144e+05,7.091468292115257407e-03,1.041364684118156447e+03,1.809955543352993810e-04,6.026534901337797859e-03,4.740048753001205080e-11,1.734903509338211178e-12,1.768338331001926275e-44,8.839377873067711050e-04
4.055848772797806887e+05,7.703269773637443606e-03,1.042236468672642559e+03,1.966105643767501168e-04,6.546461499974558229e-03,5.076957852678083363e-11,1.852058370635288155e-12,2.075379944967032205e-44,9.601976566645003186e-04
4.036109069412130630e+05,8.367653798880249350e-03,1.043180160215326623e+03,2.135676387502504837e-04,7.111074265398233986e-03,5.449719800338060691e-11,1.980925368204253125e-12,2.450909706617927965e-44,1.043011838253639833e-03
4.016369366026453790e+05,9.089069405811627325e-03,1.044201373108144480e+03,2.319803302567395294e-04,7.724154118745878150e-03,5.863596618764121891e-11,2.123129993725402542e-12,2.913751293364583974e-44,1.132934896049915194e-03
3.996629662640777533e+05,9.872327019407484486e-03,1.045306102517794670e+03,2.519714153779421969e-04,8.389789098278184129e-03,6.324799412623209778e-11,2.280576065205291074e-12,3.488853097647751362e-44,1.230566440222786821e-03
3.976889959255101276e+05,1.072262502709671848e-02,1.046500740273799011e+03,2.736735725614152111e-04,9.112396943958878115e-03,6.840687029743979106e-11,2.455500943521394549e-12,4.209583758843222920e-44,1.336554439714056613e-03
3.957150255869425018e+05,1.164557783099058781e-02,1.047792089615122222e+03,2.972300981975415680e-04,9.896748937047471217e-03,7.420011768463888098e-11,2.650543109279055138e-12,5.121000504341173883e-44,1.451598718894918762e-03
3.937410552483748179e+05,1.264724537917201984e-02,1.049187378442588169e+03,3.227956603465542001e-04,1.074799499663913957e-02,8.073224508275079849e-11,2.868825166629469430e-12,6.284550088193199464e-44,1.576454638585257076e-03
3.917670849098071922e+05,1.373416416309439225e-02,1.050694270646669793e+03,3.505370898850412994e-04,1.167169002214574376e-02,8.812855200729062904e-11,3.114056170215601851e-12,7.784901896051242977e-44,1.711936959820997044e-03
3.897931145712395664e+05,1.491337965072824477e-02,1.052320875033050925e+03,3.806342082970147565e-04,1.267382145591562301e-02,9.653989321369666333e-11,3.390658242059874936e-12,9.739989346488608167e-44,1.858923886585052941e-03
3.878191442326719407e+05,1.619248010531595255e-02,1.054075751323217673e+03,4.132806908298031667e-04,1.376083802338135681e-02,1.061486701628739026e-10,3.703923831331289705e-12,1.231593379557256217e-43,2.018361281252195345e-03
3.858451738941042568e+05,1.757963171750764192e-02,1.055967912666372513e+03,4.486849631713202909e-04,1.493967958935469610e-02,1.171763977097197350e-10,4.060211769951465839e-12,1.574948613388085213e-43,2.191267043745008698e-03
3.838712035555366310e+05,1.908361495444113598e-02,1.058006824064804732e+03,4.870711291873188278e-04,1.621780804851277041e-02,1.298933015051358993e-10,4.467192621509400377e-12,2.038218386675234069e-43,2.378735642380546203e-03
3.818972332169690053e+05,2.071386200315166251e-02,1.060202396090354569e+03,5.286799265891301827e-04,1.760323914587366353e-02,1.446305441215981088e-10,4.934156883485208892e-12,2.671299358312032746e-43,2.581942781124165615e-03
3.799232628784013796e+05,2.248049515796547368e-02,1.062564973258155987e+03,5.737697066945792812e-04,1.910457509949194457e-02,1.617958680279026299e-10,5.472403614493068313e-12,3.548049591348609069e-43,2.802150184510672146e-03
3.779492925398336956e+05,2.439436597271547880e-02,1.065105316429021059e+03,6.226174337092939617e-04,2.073103787311560836e-02,1.818936980087125193e-10,6.095732327500177279e-12,4.779290817179862894e-43,3.040710477901152967e-03
3.759753222012660699e+05,2.646709496935474235e-02,1.067834578637339519e+03,6.755196982087471880e-04,2.249250292167773863e-02,2.055510873591515770e-10,6.821067928750047287e-12,6.533662112793898113e-43,3.299072137096106718e-03
3.740013518626984442e+05,2.871111166564547026e-02,1.070764273790943889e+03,7.327937387637913818e-04,2.439953320793664462e-02,2.335513525687975545e-10,7.669257641596614637e-12,9.071539023600250819e-43,3.578784477724412764e-03
3.720273815241308184e+05,3.113969465699220965e-02,1.073906237766374716e+03,7.947784649477606300e-04,2.646341326511480671e-02,2.668778633223753174e-10,8.666090972708219009e-12,1.280100406379386457e-42,3.881502651385702971e-03
3.700534111855631927e+05,3.376701146225612182e-02,1.077272581530181924e+03,8.618354743191946297e-04,2.869618305894276397e-02,3.067712977173700436e-10,9.843609844304166590e-12,1.837157522536877686e-42,4.208992612379263559e-03
3.680794408469955088e+05,3.660815782171110422e-02,1.080875636056121493e+03,9.343500554209674272e-04,3.111067138409157051e-02,3.548048181853402412e-10,1.124179735639259405e-11,2.683354287466028861e-42,4.563136016151966672e-03
3.661054705084278830e+05,3.967919611842952304e-02,1.084727888979852651e+03,1.012732168405900031e-03,3.372052851563615838e-02,4.129831841180969197e-10,1.291076203566537457e-11,3.991302114113426943e-42,4.945935008493532528e-03
3.641315001698602573e+05,4.299719258357757173e-02,1.088841913135801406e+03,1.097417394623030271e-03,3.654025782700380531e-02,4.838739477178898806e-10,1.491357225658951697e-11,6.049419428846459802e-42,5.359516863163216183e-03
3.621575298312926316e+05,4.658025294255218468e-02,1.093230287351955894e+03,1.188867846408060529e-03,3.958524608284280655e-02,5.707817941316908312e-10,1.732994597901845168e-11,9.347826705061185890e-42,5.806138425189595956e-03
3.601835594927249476e+05,5.044755616366576600e-02,1.097905510131976143e+03,1.287573028443245995e-03,4.287179211929803557e-02,6.779810808772821385e-10,2.026106830961552796e-11,1.473379131189459084e-41,6.288190317682348235e-03
3.582095891541573219e+05,5.461938598501191178e-02,1.102879907122162194e+03,1.394050642407277957e-03,4.641713363600750986e-02,8.110271124633177970e-10,2.383589937375958520e-11,2.369757563128299168e-41,6.808200871734126219e-03
3.567355776082268567e+05,5.794593762269719533e-02,1.106796730973661852e+03,1.478954220475995739e-03,4.924413330943841483e-02,9.314844715028240439e-10,2.702199208746293121e-11,3.424814150371341185e-41,7.222849134276325238e-03
3.552615660622963915e+05,6.146354926159807580e-02,1.110891992136613226e+03,1.568734222439401764e-03,5.223350126896058460e-02,1.074163780838085155e-09,3.074323922764937562e-11,5.007217215674857789e-41,7.661312665291064410e-03
3.537875545163658680e+05,6.518192546366981255e-02,1.115170440211197956e+03,1.663638337684083439e-03,5.539348472544692453e-02,1.243743502277456908e-09,3.510252730065678982e-11,7.406547511541379367e-41,8.124801121692781791e-03
3.523135429704354028e+05,6.911114193286738150e-02,1.119636661304146173e+03,1.763923728218787929e-03,5.873264629543526599e-02,1.445981046191366116e-09,4.022439643443626811e-11,1.108448009630077802e-40,8.614570423007878938e-03
3.508395314245049376e+05,7.326164988441354053e-02,1.124295054143977495e+03,1.869857140182962403e-03,6.225986771387860552e-02,1.687978229174700780e-09,4.625988965436406567e-11,1.678421480246851226e-40,9.131923296113850577e-03
3.493655198785744142e+05,7.764427983729256522e-02,1.129149806624837765e+03,1.981715000632256612e-03,6.598435305663780115e-02,1.978515001848806951e-09,5.339253241067430441e-11,2.571368231139735665e-40,9.678209748114969396e-03
3.478915083326439490e+05,8.227024482437836350e-02,1.134204873059522924e+03,2.099783499457801971e-03,6.991563146793979000e-02,2.328469481727046086e-09,6.184571124860383155e-11,3.985485743049128906e-40,1.025482746666557879e-02
3.464174967867134837e+05,8.715114302116216960e-02,1.139463952419331235e+03,2.224358656463250577e-03,7.406355939358859330e-02,2.751347139618658668e-09,7.189178457102467687e-11,6.249030952653871164e-40,1.086322214787139272e-02
3.449434852407830185e+05,9.229895980077010287e-02,1.144930467836925118e+03,2.355746373795072728e-03,7.843832232642292124e-02,3.263948078114475928e-09,8.386333747986921497e-11,9.910680681553805383e-40,1.150488775274068412e-02
3.434694736948524951e+05,9.772606922940670071e-02,1.150607547637103380e+03,2.494262474085940338e-03,8.305043607598187883e-02,3.887209036532481335e-09,9.816709003236706916e-11,1.589581624073117682e-39,1.218136669396274220e-02
3.419954621489220299e+05,1.034452350228263484e-01,1.156498008144705636e+03,2.640232724835769700e-03,8.791074757981984233e-02,4.647266469103599685e-09,1.153010879512358157e-10,2.577888451864744162e-39,1.289424995560316430e-02
3.405214506029915647e+05,1.094696109903727232e-01,1.162604338496681748e+03,2.793992849706283116e-03,9.303043527894173936e-02,5.576799281769807631e-09,1.358759517287236781e-10,4.226152695028526130e-39,1.364517714904948942e-02
3.390474390570610994e+05,1.158127409986707546e-01,1.168928687657993123e+03,2.955888527546075232e-03,9.842100908451897889e-02,6.716725208405690216e-09,1.606411399626345580e-10,7.001783019565560429e-39,1.443583650923937339e-02
3.372590408105014940e+05,1.239568258652206378e-01,1.176897221881797122e+03,3.163749959081927580e-03,1.053420855845267068e-01,8.457013052302673211e-09,1.976544637890699024e-10,1.309783861380356870e-38,1.545098166694460276e-02
3.354706425639418885e+05,1.326163241492485101e-01,1.185191821032013422e+03,3.384766271941017871e-03,1.127011745993911906e-01,1.070148342139166446e-08,2.442762968845244331e-10,2.485863217645102143e-38,1.653037233215680357e-02
3.336822443173822830e+05,1.418177283708174641e-01,1.193814195122022056e+03,3.619613630065804909e-03,1.205207900159576823e-01,1.360608951329122737e-08,3.031724108178808086e-10,4.783537335207574123e-38,1.767731081553236896e-02
3.318938460708226776e+05,1.515883656454635742e-01,1.202765257825407843e+03,3.868989497308670134e-03,1.288241549063889602e-01,1.738134341855162847e-08,3.777742425258119718e-10,9.328454466951986569e-38,1.889520348264871197e-02
3.301054478242630721e+05,1.619563926195369541e-01,1.212045129584139431e+03,4.133612507946996147e-03,1.376351972245676847e-01,2.229190183193397971e-08,4.725009591723315659e-10,1.841164239336986207e-37,2.018756012262013302e-02
3.283170495777034666e+05,1.729507898296987756e-01,1.221653148928662404e+03,4.414222321856262760e-03,1.469785449483000384e-01,2.870163004153649631e-08,5.930450843598133454e-10,3.675757007692537729e-37,2.155799326486841291e-02
3.265286513311439194e+05,1.846013556723693771e-01,1.231587891616458819e+03,4.711579470045398899e-03,1.568795209346328101e-01,3.708734976674847973e-08,7.467392146843634562e-10,7.416388527721942972e-37,2.301021743360383287e-02
3.247402530845843139e+05,1.969387001680235616e-01,1.241847197038659715e+03,5.026465194502292670e-03,1.673641375617791749e-01,4.807995906705832911e-08,9.430258803229934007e-10,1.510898925879418360e-36,2.454804838875966275e-02
3.229518548380247084e+05,2.099942386844743381e-01,1.252428201196547434e+03,5.359681286752826165e-03,1.784590913241592691e-01,6.251395748408935082e-08,1.194058179717363623e-09,3.105064784406909691e-36,2.617540236555036468e-02
3.211634565914651030e+05,2.238001857785130166e-01,1.263327375447945997e+03,5.712049929075353402e-03,1.901917575058419962e-01,8.149248871914911341e-08,1.515465650320717568e-09,6.431108945913365449e-36,2.789629533564679312e-02
3.193750583449054975e+05,2.383895492901805802e-01,1.274540570134614882e+03,6.084413541695248007e-03,2.025901850398736659e-01,1.064725376901547472e-07,1.927328158554794572e-09,1.341110432296186264e-35,2.971484230875375693e-02
3.175866600983458920e+05,2.537961248099194211e-01,1.286063062157278182e+03,6.477634638899409415e-03,2.156830916472214643e-01,1.393762054878539920e-07,2.455410666030576330e-09,2.813126810521504721e-35,3.163525669219381664e-02
3.157982618517862866e+05,2.700544906175778026e-01,1.297889605543409743e+03,6.892595696435042940e-03,2.294998593286844413e-01,1.827355918872854629e-07,3.132723848360391852e-09,5.929866807112899820e-35,3.366184972415875443e-02
3.152196671616753447e+05,2.755027148579446417e-01,1.301779969961994311e+03,7.031650256816563208e-03,2.341298938731641577e-01,1.995560716027236675e-07,3.390502783323184259e-09,7.554493178249818845e-35,3.434096778138982092e-02
3.146410724715643446e+05,2.810450049833244646e-01,1.305701360926855614e+03,7.173105619346987691e-03,2.388398661209061580e-01,2.179196251879462330e-07,3.669900620606024968e-09,9.627952780249436451e-35,3.503181165354583848e-02
3.140624777814534027e+05,2.866825841316802959e-01,1.309653570752166843e+03,7.316992998149260755e-03,2.436308152836604013e-01,2.379985520062899363e-07,3.972724560385572824e-09,1.227482009582150486e-34,3.573453387859431424e-02
3.139548216488898033e+05,2.877421527502775911e-01,1.310392321730023696e+03,7.344036259625067939e-03,2.445312617216172935e-01,2.419364211997068590e-07,4.031809002295725277e-09,1.284272608882645838e-34,3.586660880080504848e-02
3.138471655163262039e+05,2.888050708671704436e-01,1.311132130956770425e+03,7.371165008606774850e-03,2.454345545657933281e-01,2.459402469439469462e-07,4.091784882188541160e-09,1.343705300029081661e-34,3.599910126073855438e-02
3.138471439851001487e+05,2.888052837864095168e-01,1.311132279024390755e+03,7.371170442922313215e-03,2.454347355095685967e-01,2.459410543792714983e-07,4.091796967416961261e-09,1.343717458960220213e-34,3.599912780106723914e-02
3.138471224538740935e+05,2.888054967057828715e-01,1.311132427092053376e+03,7.371175877241280261e-03,2.454349164534578576e-01,2.459418618172733098e-07,4.091809052681611872e-09,1.343729618001948574e-34,3.599915434141281317e-02
3.138471009226480965e+05,2.888057096252905631e-01,1.311132575159758289e+03,7.371181311563678590e-03,2.454350973974613881e-01,2.459426692579600041e-07,4.091821137982435092e-09,1.343741777154305447e-34,3.599918088177506831e-02
3.138470793914220412e+05,2.888059225449325362e-01,1.311132723227505494e+03,7.371186745889502130e-03,2.454352783415790218e-01,2.459434767013260752e-07,4.091833223319453253e-09,1.343753936417246142e-34,3.599920742215407393e-02
3.138470578601959860e+05,2.888061354647088463e-01,1.311132871295294763e+03,7.371192180218750882e-03,2.454354592858107309e-01,2.459442841473730057e-07,4.091845308692588602e-09,1.343766095790739869e-34,3.599923396254994107e-02
3.138470147977424785e+05,2.888065613045299185e-01,1.311133167430958110e+03,7.371203048884110084e-03,2.454358211745024665e-01,2.459458990472597815e-07,4.091869479543662256e-09,1.343790414865835491e-34,3.599928704337473223e-02
3.138469717352889129e+05,2.888069871448882275e-01,1.311133463566790397e+03,7.371213917563173602e-03,2.454361830636506148e-01,2.459475139578711061e-07,4.091893650539443713e-09,1.343814734383309595e-34,3.599934012426668495e-02
3.138469286728354055e+05,2.888074129857837180e-01,1.311133759702791849e+03,7.371224786255949242e-03,2.454365449532553145e-01,2.459491288792095736e-07,4.091917821679966888e-09,1.343839054343167525e-34,3.599939320522559105e-02
3.138464980483045219e+05,2.888116714242847105e-01,1.311136721072106639e+03,7.371333473937803811e-03,2.454401638744106440e-01,2.459652786827437025e-07,4.092159541048025510e-09,1.344082278277122408e-34,3.599992401849928803e-02
3.138460674237735802e+05,2.888159299165060090e-01,1.311139682458331208e+03,7.371442162990731774e-03,2.454437828412174283e-01,2.459814295592697876e-07,4.092401274894284297e-09,1.344325546462439365e-34,3.600045483846824046e-02
3.138456367992426385e+05,2.888201884624482241e-01,1.311142643861465331e+03,7.371550853414751345e-03,2.454474018536762503e-01,2.459975815088615735e-07,4.092643023219548094e-09,1.344568858907134338e-34,3.600098566513387777e-02
3.138452061747117550e+05,2.888244470621118554e-01,1.311145605281509006e+03,7.371659545209874667e-03,2.454510209117876374e-01,2.460137345315886230e-07,4.092884786024596106e-09,1.344812215619267744e-34,3.600151649849624852e-02
3.138408999294095556e+05,2.888670360135363602e-01,1.311175220411948885e+03,7.372746538574599315e-03,2.454872140038811545e-01,2.461753237968915874e-07,4.095303210656877506e-09,1.347248219227824928e-34,3.600682520045356272e-02
3.138365936841074144e+05,2.889096303376612607e-01,1.311204837233242415e+03,7.373833669063932506e-03,2.455234116616973050e-01,2.463370204538293581e-07,4.097723084222880546e-09,1.349688658475754899e-34,3.601213457215644148e-02
3.138365861416695407e+05,2.889097049468279388e-01,1.311204889108928910e+03,7.373835573305906679e-03,2.455234750663207732e-01,2.463373037616389284e-07,4.097727323930909641e-09,1.349692936829249541e-34,3.601214387217023527e-02
3.138365785992316087e+05,2.889097795560111037e-01,1.311204940984620407e+03,7.373837477548302391e-03,2.455235384709581747e-01,2.463375870697835532e-07,4.097731563643387313e-09,1.349697215196405646e-34,3.601215317218596501e-02
3.138365710567937349e+05,2.889098541652107555e-01,1.311204992860317134e+03,7.373839381791116171e-03,2.455236018756096206e-01,2.463378703782481446e-07,4.097735803360354094e-09,1.349701493577178525e-34,3.601216247220378336e-02
3.138365635143558029e+05,2.889099287744268940e-01,1.311205044736019090e+03,7.373841286034349754e-03,2.455236652802750830e-01,2.463381536870507552e-07,4.097740043081759526e-09,1.349705771971589132e-34,3.601217177222375276e-02
3.138365559719179291e+05,2.889100033836595194e-01,1.311205096611726276e+03,7.373843190278008344e-03,2.455237286849545342e-01,2.463384369961843968e-07,4.097744282807572177e-09,1.349710050379624425e-34,3.601218107224564424e-02
3.138365408870421234e+05,2.889101526021576882e-01,1.311205200363150880e+03,7.373846998766159060e-03,2.455238554943414142e-01,2.463390036153983982e-07,4.097752762272161880e-09,1.349718607236156819e-34,3.601219967229370156e-02
3.138365258021663176e+05,2.889103018207218598e-01,1.311205304114596174e+03,7.373850807255992457e-03,2.455239823037843605e-01,2.463395702359329239e-07,4.097761241754449939e-09,1.349727164147146260e-34,3.601221827235003697e-02
3.138365107172905118e+05,2.889104510393519232e-01,1.311205407866062160e+03,7.373854615747513740e-03,2.455241091132833453e-01,2.463401368577839506e-07,4.097769721254531481e-09,1.349735721112692388e-34,3.601223687241455335e-02
3.138363598685351899e+05,2.889119432292790446e-01,1.311206445381386175e+03,7.373892700755248913e-03,2.455253772113548116e-01,2.463458031465354305e-07,4.097854517200022725e-09,1.349821293731452604e-34,3.601242287351069660e-02
3.138362090197799262e+05,2.889134354257997805e-01,1.311207482897224509e+03,7.373930785931269612e-03,2.455266453150295736e-01,2.463514695595949246e-07,4.097939314812984353e-09,1.349906871685482246e-34,3.601260887542949429e-02
3.138360581710246624e+05,2.889149276289141310e-01,1.311208520412972348e+03,7.373968871275576702e-03,2.455279134243076311e-01,2.463571360940317520e-07,4.098024114050252426e-09,1.349992454929342174e-34,3.601279487817005132e-02
3.138345496834677178e+05,2.889298500227141520e-01,1.311218895565479670e+03,7.374349733974563947e-03,2.455405948252743220e-01,2.464138081147529967e-07,4.098872195764115420e-09,1.350848578376611331e-34,3.601465495078491619e-02
3.138330411959108314e+05,2.889447730759028277e-01,1.311229270708948434e+03,7.374730613502807064e-03,2.455532767865912236e-01,2.464704922760138856e-07,4.099720439937450132e-09,1.351705231154704255e-34,3.601651510559619740e-02
3.138315327083538868e+05,2.889596967885045276e-01,1.311239645843378867e+03,7.375111509860928817e-03,2.455659593082789027e-01,2.465271885802220571e-07,4.100568846598585843e-09,1.352562413582265603e-34,3.601837534260722562e-02
3.138164478327874094e+05,2.891089701874924311e-01,1.311343396690629788e+03,7.378921399219677373e-03,2.456928153500209933e-01,2.470948200133068733e-07,4.109061856328026445e-09,1.361163438850666582e-34,3.603698223436987286e-02
3.138013629572208738e+05,2.892583095547617833e-01,1.311447146634358205e+03,7.382732972254957456e-03,2.458197274517766040e-01,2.476636683883261194e-07,4.117571146292038655e-09,1.369817781140760740e-34,3.605559734949069506e-02
3.137862780816543964e+05,2.894077149146473960e-01,1.311550895674854246e+03,7.386546229587814816e-03,2.459466956342228616e-01,2.482337361163357862e-07,4.126096745121723273e-09,1.378525762348356201e-34,3.607422069100391093e-02
3.137711932060879190e+05,2.895571862915933270e-01,1.311654643812408949e+03,7.390361171842070760e-03,2.460737199181295409e-01,2.488050256128102534e-07,4.134638681494690982e-09,1.387287706260779884e-34,3.609285226195736718e-02
3.136474859174040612e+05,2.907854573728025360e-01,1.312505422292154890e+03,7.421710204683690769e-03,2.471175334551291292e-01,2.535364322853493130e-07,4.205309017510471740e-09,1.461220264407921734e-34,3.624595597124861263e-02
3.135237786287202034e+05,2.920181834041032931e-01,1.313356140226829666e+03,7.453172939024973326e-03,2.481651328179282634e-01,2.583515158576187651e-07,4.277095997885487312e-09,1.538989129321492427e-34,3.639961501853830605e-02
3.134000713400363456e+05,2.932553779234479130e-01,1.314206797776229450e+03,7.484749720361289459e-03,2.492165295095174204e-01,2.632516422379122374e-07,4.350015790614796510e-09,1.620787945171865792e-34,3.655383109191139707e-02
3.132763640513525461e+05,2.944970545020697550e-01,1.315057395099692258e+03,7.516440895036965650e-03,2.502717350611410319e-01,2.682381977183200402e-07,4.424084775800273007e-09,1.706819855213422020e-34,3.670860588360942006e-02
3.131526567626686883e+05,2.957432267449237040e-01,1.315907932356094079e+03,7.548246810256534385e-03,2.513307610326718233e-01,2.733125892495116847e-07,4.499319548136299618e-09,1.797297954142664509e-34,3.686394109008673398e-02
3.127478111786951195e+05,2.998530595283609435e-01,1.318690990217298122e+03,7.653141601232481793e-03,2.548233911923297179e-01,2.905508695010246405e-07,4.753892006828961008e-09,2.127305622428516556e-34,3.737623143003722392e-02
3.123429655947215506e+05,3.040116676644248894e-01,1.321473411973118345e+03,7.759281259307881408e-03,2.583574706163738743e-01,3.087970075752317819e-07,5.021737878080996955e-09,2.516117565908268192e-34,3.789460196999770714e-02
3.119381200107479235e+05,3.082195356161286925e-01,1.324255203090131999e+03,7.866678148101154816e-03,2.619334109379898301e-01,3.281052060298304540e-07,5.303489242481132570e-09,2.973893114621471231e-34,3.841911312134248246e-02
3.115332744267743547e+05,3.124771517699071466e-01,1.327036368983783404e+03,7.975344731306802104e-03,2.655516271208053225e-01,3.485323226593606916e-07,5.599805355826463043e-09,3.512491596298699121e-34,3.894982578566704573e-02
3.111284288428007858e+05,3.167850084612827688e-01,1.329816915019054932e+03,8.085293573347956259e-03,2.692125374805350302e-01,3.701379874639894627e-07,5.911373687770743416e-09,4.145747553327976557e-34,3.948680135803857988e-02
3.107235832588272169e+05,3.211436020000178471e-01,1.332596846511108424e+03,8.196537340015679074e-03,2.729165637061816696e-01,3.929847241701665893e-07,6.238910994989012873e-09,4.889789014080641290e-34,4.003010173018525797e-02
3.098732720720678917e+05,3.304655307168193334e-01,1.338433655304788090e+03,8.434459521253857839e-03,2.808385336200657778e-01,4.453068179168973924e-07,6.982205347158943331e-09,6.900631407820234402e-34,4.119208528647661655e-02
3.090229608853086247e+05,3.400181859434726617e-01,1.344267824367414960e+03,8.678270371425145929e-03,2.889565724141407999e-01,5.040505066966935984e-07,7.806665982314414719e-09,9.709364127792499747e-34,4.238283130073414867e-02
3.081726496985492995e+05,3.498063406479079429e-01,1.350099400877381868e+03,8.928091693649350610e-03,2.972747352643295704e-01,5.699364830504915619e-07,8.720341454782827935e-09,1.362117202964493972e-33,4.360293503310457702e-02
3.073223385117899743e+05,3.598348482318001196e-01,1.355928431116750744e+03,9.184047342297467151e-03,3.057971455968631624e-01,6.437586456114552939e-07,9.731996397903579794e-09,1.905364240567161207e-33,4.485300180199761066e-02
3.064720273250307073e+05,3.701086435989508483e-01,1.361754960494505212e+03,9.446263250118266258e-03,3.145279959867366415e-01,7.263907386604341418e-07,1.085116776390993905e-08,2.657658261026527763e-33,4.613364712018956648e-02
3.056217161382713821e+05,3.806327442344472622e-01,1.367579033569051035e+03,9.714867455629392148e-03,3.234715490645714842e-01,8.187935193127760165e-07,1.208822487318963474e-08,3.696538660899724035e-33,4.744549683250225136e-02
3.047714049515120569e+05,3.914122512944274712e-01,1.373400694070012605e+03,9.989990130767911064e-03,3.326321384316879848e-01,9.220224880540740202e-07,1.345443348749846218e-08,5.127237274929423992e-33,4.878918725505015236e-02
3.028635887814424932e+05,4.165541075223075929e-01,1.386454009273824568e+03,1.063167858526846421e-02,3.539980189715687953e-01,1.199172680425265906e-06,1.705433777845754690e-08,1.057723330738734481e-32,5.192319373852977149e-02
3.009557726113728713e+05,4.430681029406544069e-01,1.399495864802361439e+03,1.130838630093863699e-02,3.765298747640977717e-01,1.552094734099119892e-06,2.152576602320197464e-08,2.153012024403359897e-32,5.522826825520275179e-02
2.990479564413033077e+05,4.710166380765643535e-01,1.412526712394423839e+03,1.202170549674941996e-02,4.002807088881776831e-01,1.999466615035024600e-06,2.705773125068883732e-08,4.325952090371799583e-32,5.871219716738364236e-02
2.971401402712336858e+05,5.004644199194026033e-01,1.425546985962965437e+03,1.277328717042560714e-02,4.253054786570116264e-01,2.564070851883100431e-06,3.387548910110883163e-08,8.583128876735615731e-32,6.238305614572501462e-02
2.952323241011641221e+05,5.314785289976323712e-01,1.438557102556068685e+03,1.356484279423141731e-02,4.516611514909529279e-01,3.273586476047002230e-06,4.224657179998390657e-08,1.682283024707070073e-31,6.624921887950931121e-02
2.933245079310945002e+05,5.641284879165512356e-01,1.451557463254904633e+03,1.439814604550656955e-02,4.794067618444433077e-01,4.161512227112164399e-06,5.248767150511840775e-08,3.258338578084924263e-31,7.031936602682091475e-02
2.914166917610248784e+05,5.984863313754448244e-01,1.464548454013263836e+03,1.527503457209750636e-02,5.086034691770091598e-01,5.268239093998515528e-06,6.497246984421586291e-08,6.238569781811891883e-31,7.460249441490181266e-02
2.895088755909553147e+05,6.346266776837679036e-01,1.477530446443328174e+03,1.619741179282251087e-02,5.393146169564188019e-01,6.642292207558306648e-06,8.014051868295587716e-08,1.181156845051596800e-30,7.910792650193759767e-02
2.864359990134709515e+05,6.967813903799484621e-01,1.498422231652468554e+03,1.778371746839024770e-02,5.921313071216091073e-01,9.568775807127092835e-06,1.115505367811238728e-07,3.228014421582424477e-30,8.685668546415098445e-02
2.833631224359866465e+05,7.640997539804913474e-01,1.519293023562368035e+03,1.950178915283032333e-02,6.493345665539055345e-01,1.365043970475057265e-05,1.539401171630657686e-07,8.586814645907503316e-30,9.524959389451052860e-02
2.802902458585022832e+05,8.369389051129947354e-01,1.540144168659841625e+03,2.136073345506922863e-02,7.112273224871048516e-01,1.929177781237271914e-05,2.106939196032743528e-07,2.225899363364866839e-29,1.043313466996934613e-01
2.772173692810179200e+05,9.156760536594674704e-01,1.560976939583735202e+03,2.337016681373061885e-02,7.781293839381679955e-01,2.702126628159004054e-05,2.861028423360576090e-07,5.629026193680519287e-29,1.141491955390732255e-01
2.741444927035336150e+05,1.000709368945418731e+00,1.581792540793161379e+03,2.554023748982659978e-02,8.503781482045186246e-01,3.752401414254385450e-05,3.855702382791412900e-07,1.390159193520578530e-28,1.247530736673377744e-01
2.710716161260492518e+05,1.092458894435242911e+00,1.602592113721548685e+03,2.788164815629784465e-02,9.283293213355906515e-01,5.168159660923212585e-05,5.158566903198261135e-07,3.356003166622501179e-28,1.361957274907075466e-01
2.679987395485648885e+05,1.191367491312637972e+00,1.623376741473832908e+03,3.040567907236483777e-02,1.012357651105363798e+00,7.062032930728220611e-05,6.853689260471721885e-07,7.926938918717496517e-28,1.485328554373241683e-01
2.649258629710805835e+05,1.297901811275967265e+00,1.644147453116617044e+03,3.312421182682663556e-02,1.102857670744736840e+00,9.576940029189405707e-05,9.044989962492953924e-07,1.833539248872726645e-27,1.618232548057444986e-01
2.618529863935962203e+05,1.412553298822975201e+00,1.664905227605044047e+03,3.604975363030715058e-02,1.200244451404947066e+00,1.289304453239393188e-04,1.186020403042976501e-06,4.156537696800611681e-27,1.761289773225866995e-01
2.587801098161118862e+05,1.535839223236447504e+00,1.685650997384718266e+03,3.919546213199445045e-02,1.304954361016370079e+00,1.723603295910270338e-04,1.545548438639609419e-06,9.241996336470719532e-27,1.915154942105929681e-01
2.583400373589431692e+05,1.554233532709629273e+00,1.688621108055557443e+03,3.966478833463945447e-02,1.320576069090417803e+00,1.795771643749531480e-04,1.604486461504836047e-06,1.034655438291239934e-26,1.938114936337366478e-01
2.578999649017744814e+05,1.572817689515129125e+00,1.691590993361789515e+03,4.013895441281274679e-02,1.336358720186313187e+00,1.870704132384859203e-04,1.665469181098692776e-06,1.157872416869754062e-26,1.961312790335847100e-01
2.574598924446057645e+05,1.591593349971842875e+00,1.694560655829132429e+03,4.061800245405090132e-02,1.352303708223681955e+00,1.948496492506356797e-04,1.728560304114314355e-06,1.295273792281667239e-26,1.984750610845563978e-01
2.570198199874370475e+05,1.610562182299335232e+00,1.697530097966775884e+03,4.110197484409809643e-02,1.368412436814637978e+00,2.029247406053312096e-04,1.793825288667458068e-06,1.448435780660898113e-26,2.008430520747059855e-01
2.566877475778348744e+05,1.625004692265771489e+00,1.699770652378546401e+03,4.147045933564415948e-02,1.380677107801192349e+00,2.092201145770803327e-04,1.844553206822316492e-06,1.575496973132677862e-26,2.026460604611514393e-01
2.566655774569129862e+05,1.625972884966212950e+00,1.699920233923867045e+03,4.149516159858154807e-02,1.381499296631744311e+00,2.096467264524525735e-04,1.847986112995610094e-06,1.584354497554777579e-26,2.027669320233214945e-01
2.566559268403995957e+05,1.626394493180158607e+00,1.699985346348923713e+03,4.150591841742203025e-02,1.381857325890236021e+00,2.098326790881138867e-04,1.849482271482237239e-06,1.588225234357338794e-26,2.028195667111405975e-01
2.566543983214725740e+05,1.626461278517948417e+00,1.699995659211532029e+03,4.150762236357810608e-02,1.381914039915532744e+00,2.098621451906712847e-04,1.849719342837558160e-06,1.588839144257173050e-26,2.028279043743040355e-01
2.566541914153056277e+05,1.626470319018604060e+00,1.699997055199852639e+03,4.150785302088358386e-02,1.381921717097077007e+00,2.098661341267094537e-04,1.849751435853293336e-06,1.588922263133777288e-26,2.028290330150798182e-01
2.566539845091386524e+05,1.626479359562643001e+00,1.699998451188125500e+03,4.150808367929494092e-02,1.381929394315390525e+00,2.098701231323130156e-04,1.849783529377025086e-06,1.589005386227922955e-26,2.028301616612946667e-01
2.566537776029716770e+05,1.626488400150065239e+00,1.699999847176350613e+03,4.150831433881216337e-02,1.381937071570473075e+00,2.098741122074786907e-04,1.849815623408810375e-06,1.589088513539907083e-26,2.028312903129479428e-01
2.566533637906377553e+05,1.626506481455060715e+00,1.700002639156957230e+03,4.150877568775251242e-02,1.381952426202075479e+00,2.098820905846326707e-04,1.849853559541675933e-06,1.589209671987316761e-26,2.028335476210883226e-01
2.566529499783038045e+05,1.626524562933591600e+00,1.700005431144250906e+03,4.150923701452785552e-02,1.381967780969587611e+00,2.098900692491993767e-04,1.849917751095953565e-06,1.589375953096159686e-26,2.028358049624755521e-01
2.566525361659698829e+05,1.626542644585659669e+00,1.700008223130490023e+03,4.150969834572680595e-02,1.381983135884182312e+00,2.098980481899406737e-04,1.849981944665875692e-06,1.589542251034252461e-26,2.028380623256157700e-01
2.566521223536359321e+05,1.626560726411266034e+00,1.700011015116534963e+03,4.151015968134939838e-02,1.381998490945857361e+00,2.099060274089607000e-04,1.850046140268122932e-06,1.589708565849110198e-26,2.028403197105096700e-01
2.566479842302923789e+05,1.626741554212254304e+00,1.700038934966298029e+03,4.151477328088166996e-02,1.382152049652303427e+00,2.099858349064825079e-04,1.850688208081152660e-06,1.591372642582394481e-26,2.028628947559550366e-01
2.566438461069487967e+05,1.626922399368635919e+00,1.700066854796633379e+03,4.151938732281455768e-02,1.382305623068111666e+00,2.100656702416598635e-04,1.851330479190109225e-06,1.593038408813764204e-26,2.028854719769891679e-01
2.566397079836052144e+05,1.627103261881821306e+00,1.700094774607543059e+03,4.152400180718385930e-02,1.382459211194468907e+00,2.101455334233030478e-04,1.851972953652956574e-06,1.594705866204648044e-26,2.029080513737919755e-01
2.566355698602616321e+05,1.627284141753221336e+00,1.700122694399029115e+03,4.152861673402540726e-02,1.382612814032561088e+00,2.102254244602149965e-04,1.852615631527719005e-06,1.596375016418099307e-26,2.029306329465429271e-01
2.565941886268187664e+05,1.629093895479433174e+00,1.700401891246040577e+03,4.157479034629997516e-02,1.384149651819952531e+00,2.110258688089426693e-04,1.859053610697850308e-06,1.613159990793623989e-26,2.031565683907611275e-01
2.565528073933759297e+05,1.630905386579502903e+00,1.700681086152930675e+03,4.162100824523342485e-02,1.385687962086283642e+00,2.118291083926206110e-04,1.865511994953172807e-06,1.630116088545504016e-26,2.033827216275984895e-01
2.565114261599330639e+05,1.632718616465635320e+00,1.700960279121733038e+03,4.166727046669761042e-02,1.387227746019052521e+00,2.126351520608106929e-04,1.871990842522930249e-06,1.647244999002347584e-26,2.036090928369821418e-01
2.564700449264901981e+05,1.634533586550974915e+00,1.701239470154479704e+03,4.171357704658778393e-02,1.388769004806519325e+00,2.134440086880884683e-04,1.878490211783280648e-06,1.664548427617331144e-26,2.038356821989674439e-01
2.564286636930473323e+05,1.636350298249615198e+00,1.701518659253201122e+03,4.175992802082306027e-02,1.390311739637716926e+00,2.142556871740803617e-04,1.885010161257679987e-06,1.682028096116486168e-26,2.040624898937397069e-01
2.560148513586215850e+05,1.654613515746576669e+00,1.704310444314809956e+03,4.222588737132933201e-02,1.405820532492583208e+00,2.225296502292952491e-04,1.951354548895526371e-06,1.866908693809512573e-26,2.063426148778866320e-01
2.556010390241958376e+05,1.673052457129104553e+00,1.707102038197651382e+03,4.269632584379810109e-02,1.421478243379564299e+00,2.310957772635250089e-04,2.019822439805658243e-06,2.071433951307391267e-26,2.086447723060394499e-01
2.551872266897700902e+05,1.691668552199570463e+00,1.709893442910350586e+03,4.317127975031876536e-02,1.437286074075653897e+00,2.399633913036981498e-04,2.090474838525301595e-06,2.297618907991456539e-26,2.109691445074564076e-01
2.547734143553443719e+05,1.710463240343256697e+00,1.712684660448350314e+03,4.365078564262454136e-02,1.453245234124038721e+00,2.491420799442023480e-04,2.163374294393118619e-06,2.547677823176152860e-26,2.133159151223556760e-01
2.543596020209186245e+05,1.729437970579165373e+00,1.715475692794035240e+03,4.413488031327210404e-02,1.469356940867968309e+00,2.586417018690550552e-04,2.238584935115119963e-06,2.824043127343909405e-26,2.156852691111217635e-01
2.539457896864928771e+05,1.748594201610738308e+00,1.718266541916854976e+03,4.462360079681650799e-02,1.485622419484360135e+00,2.684723935084619949e-04,2.316172500928857319e-06,3.129386104581663555e-26,2.180773927635530074e-01
2.526794345048868854e+05,1.808359435770040546e+00,1.726806025576084494e+03,4.614832124155023724e-02,1.536366581712804713e+00,3.007240106356259411e-04,2.569089309573938268e-06,4.276133673316487265e-26,2.255412397157583182e-01
2.514130793232809228e+05,1.869880882539222355e+00,1.735343866951462360e+03,4.771779538317522107e-02,1.588598203681745868e+00,3.364916021165156781e-04,2.846939217834210635e-06,5.825964066307704873e-26,2.332255449329851404e-01
2.501467241416749312e+05,1.933202069992433270e+00,1.743880120304493857e+03,4.933312758776527834e-02,1.642353786339911581e+00,3.761187241956832320e-04,3.151911033261164769e-06,7.914580551933906599e-26,2.411358854295458654e-01
2.488803689600689686e+05,1.998367412247035624e+00,1.752414838845588520e+03,5.099544428839584975e-02,1.697670541402295008e+00,4.199785121285547294e-04,3.486361429241918897e-06,1.072137106872228927e-25,2.492779616828054157e-01
2.476140137784630060e+05,2.065422223551646841e+00,1.760948074763745808e+03,5.270589430573145023e-02,1.754586400200908836e+00,4.684758677086674401e-04,3.852825871110914009e-06,1.448282934765610103e-25,2.576576003514459701e-01
2.463476585968570143e+05,2.134412732521667522e+00,1.769479879255301512e+03,5.446564917009712875e-02,1.813140022470904000e+00,5.220497799377795236e-04,4.254030116311558869e-06,1.950990276732144709e-25,2.662807570706318683e-01
2.450813034152510518e+05,2.205386096516529726e+00,1.778010302551808081e+03,5.627590344478628631e-02,1.873370805058469646e+00,5.811757849355124938e-04,4.692902310381782006e-06,2.621035831284745744e-25,2.751535193260476464e-01
2.429156063728582812e+05,2.331496936628367767e+00,1.792595813534448553e+03,5.949229915457322077e-02,1.980378538458771098e+00,6.966550460393669975e-04,5.539871541985780431e-06,4.315730357324409270e-25,2.909239040986676406e-01
2.407499093304655107e+05,2.463795321569655972e+00,1.807177669091421194e+03,6.286621780881319899e-02,2.092615174158285463e+00,8.327630797941003998e-04,6.523613478378485315e-06,7.051910261483383147e-25,3.074746429105504331e-01
2.385842122880727693e+05,2.602536781306976188e+00,1.821756102232126068e+03,6.640411987793626292e-02,2.210293204099925912e+00,9.927678333223430730e-04,7.663597091955522115e-06,1.143696591809907564e-24,3.248390259000054070e-01
2.364185152456799988e+05,2.747985478341705257e+00,1.836331338884517208e+03,7.011267799290535341e-02,2.333631813799318611e+00,1.180387518427898240e-03,8.981682439856140512e-06,1.841382511889025624e-24,3.430516173499563171e-01
2.342528182032872282e+05,2.900414431891924938e+00,1.850903598227627754e+03,7.399878175096082089e-02,2.462856998169527412e+00,1.399842957179613665e-03,1.050236559584513755e-05,2.943615890573928990e-24,3.621483066500412740e-01
2.320871211608944577e+05,3.060105745425580448e+00,1.865473093007806256e+03,7.806954252499045954e-02,2.598201673262116707e+00,1.655914785884575165e-03,1.225304322431025581e-05,4.672984626041748718e-24,3.821663618107775107e-01
2.299214241185016872e+05,3.227350837472136025e+00,1.880040029839645968e+03,8.233229826961266373e-02,2.739905783414811502e+00,1.954005831858883838e-03,1.426429784216503205e-05,7.368061924389698973e-24,4.031444856594560422e-01
2.277557270761089167e+05,3.402450675628713839e+00,1.894604609492424061e+03,8.679461831666201999e-02,2.888216403276475219e+00,2.300208983992216467e-03,1.657020482380494939e-05,1.154051155387500163e-23,4.251228748482356323e-01
2.244074425125531270e+05,3.689350061622739929e+00,1.917118049132441456e+03,9.410461735733691158e-02,3.131109284232036938e+00,2.946367314535832792e-03,2.080466902889554245e-05,2.280211633518592620e-23,4.611689880499216798e-01
2.210591579489973374e+05,3.996965952577250292e+00,1.939627016226341084e+03,1.019403402042228651e-01,3.391377772050608197e+00,3.753568459363768040e-03,2.599536570991559537e-05,4.438208933843130984e-23,4.998682764974323178e-01
2.177108733854415186e+05,4.326553663253586812e+00,1.962132179236398770e+03,1.103331893869296809e-01,3.670038680321508817e+00,4.756838769180233607e-03,3.232978447391212821e-05,8.514123281290288159e-23,5.413926249915578248e-01
2.143625888218857290e+05,4.679430139820914825e+00,1.984634180414609091e+03,1.193160262513414810e-01,3.968151947949529301e+00,5.997687534907876483e-03,4.002648859871510238e-05,1.610562261263745844e-22,5.859244515965832401e-01
2.138396244556872989e+05,4.736736973590349287e+00,1.988148494683486661e+03,1.207745243061676133e-01,4.016541289786005997e+00,6.216012227611584888e-03,4.136757974250863029e-05,1.776965287281559335e-22,5.931637796908312277e-01
2.133166600894888979e+05,4.794650893133501235e+00,1.991662749241071197e+03,1.222483845024589927e-01,4.065436305848095344e+00,6.441514662237916161e-03,4.274906634078317496e-05,1.959914803404831717e-22,6.004819390543777446e-01
2.127936957232904970e+05,4.853177342657026827e+00,1.995176946376987189e+03,1.237377420308765352e-01,4.114841323768041903e+00,6.674404364085007903e-03,4.417202266077947906e-05,2.160991113447168651e-22,6.078797004713721863e-01
2.122707313570920669e+05,4.912321806130812263e+00,1.998691088367706470e+03,1.252427330045918774e-01,4.164760697420564206e+00,6.914896149338278092e-03,4.563754750393031213e-05,2.381919152297280065e-22,6.153578420088239298e-01
2.121661384838521190e+05,4.924225345900789641e+00,1.999393910347838755e+03,1.255456192558830064e-01,4.174806679828750866e+00,6.963926039215708429e-03,4.593585914412379059e-05,2.428649683755164357e-22,6.168631849177960147e-01
2.121474029546445236e+05,4.926360242510532395e+00,1.999519805335791489e+03,1.255999414169410300e-01,4.176608392184018470e+00,6.972741852213668740e-03,4.598948041934513046e-05,2.437113402581510109e-22,6.171331775769407502e-01
2.121286674254369573e+05,4.928495941091341592e+00,1.999645700256555983e+03,1.256542838605893275e-01,4.178410771652171896e+00,6.981567772035376755e-03,4.604315811475813620e-05,2.445605598792096025e-22,6.174032746484304779e-01
2.121099318962293619e+05,4.930632441898605833e+00,1.999771595110235694e+03,1.257086465931614994e-01,4.180213818435526640e+00,6.990403808996677876e-03,4.609689228291462921e-05,2.454126364714996476e-22,6.176734761686383246e-01
2.120911963670217956e+05,4.932769745187780330e+00,1.999897489896934303e+03,1.257630296209923670e-01,4.182017532736442611e+00,6.999249973422649700e-03,4.615068297640755605e-05,2.462675792966156875e-22,6.179437821739474090e-01
2.120837021553387458e+05,4.933624891255618650e+00,1.999947847792882158e+03,1.257847885162164392e-01,4.182739205407059124e+00,7.002791277197455491e-03,4.617221509268729774e-05,2.466103610519313041e-22,6.180519338400517482e-01
2.120762079436557251e+05,4.934480165777801020e+00,1.999998205678136173e+03,1.258065506601014072e-01,4.183460984925828186e+00,7.006334203681855582e-03,4.619375626481240067e-05,2.469536034865305476e-22,6.181601022319246352e-01
2.120761929552319052e+05,4.934481876455825144e+00,1.999998306393895973e+03,1.258065941876511384e-01,4.183462428592155113e+00,7.006341291161398942e-03,4.619379935623427701e-05,2.469542904334155688e-22,6.181603185855016891e-01
2.120761779668080853e+05,4.934483587134362637e+00,1.999998407109655773e+03,1.258066377152139148e-01,4.183463872258908367e+00,7.006348378647440575e-03,4.619384244769225050e-05,2.469549773821409440e-22,6.181605349391445792e-01
2.120761629783842654e+05,4.934485297813413496e+00,1.999998507825415572e+03,1.258066812427896530e-01,4.183465315926088834e+00,7.006355466139985687e-03,4.619388553918691068e-05,2.469556643327168765e-22,6.181607512928565251e-01
2.120761479899604456e+05,4.934487008492979498e+00,1.999998608541175372e+03,1.258067247703783809e-01,4.183466759593697404e+00,7.006362553639054226e-03,4.619392863071721401e-05,2.469563512851382411e-22,6.181609676466333081e-01
2.120761330015366257e+05,4.934488719173057980e+00,1.999998709256934944e+03,1.258067682979801261e-01,4.183468203261734075e+00,7.006369641144609764e-03,4.619397172228398041e-05,2.469570382394012291e-22,6.181611840004777036e-01
2.120761030246904120e+05,4.934492140534243454e+00,1.999998910688454089e+03,1.258068553532094291e-01,4.183471090598651188e+00,7.006383816174776777e-03,4.619405790552319583e-05,2.469584121534345373e-22,6.181616167083030522e-01
2.120760730478441983e+05,4.934495561897485061e+00,1.999999112119973006e+03,1.258069424084908572e-01,4.183473977937278931e+00,7.006397991230838007e-03,4.619414408890770788e-05,2.469597860748445427e-22,6.181620494163956314e-01
2.120760430709979555e+05,4.934498983262781913e+00,1.999999313551491696e+03,1.258070294638241604e-01,4.183476865277617307e+00,7.006412166312927896e-03,4.619423027243694060e-05,2.469611600036382043e-22,6.181624821247549972e-01
2.120758098568880232e+05,4.934525600897926800e+00,2.000000880638534909e+03,1.258077074474240886e-01,4.183499380270173873e+00,7.006486038316775238e-03,4.619466041053355644e-05,2.469667093952766336e-22,6.181658324816021732e-01
2.120755766427780909e+05,4.934552218657535683e+00,2.000002447714089158e+03,1.258083847261537991e-01,4.183521843387848271e+00,7.006596318486908205e-03,4.619533090543402929e-05,2.469773986656969405e-22,6.181691988941401261e-01
2.120753434286681586e+05,4.934578836541556157e+00,2.000004014789635221e+03,1.258090620080297983e-01,4.183544306609007002e+00,7.006706600229255753e-03,4.619600140910899098e-05,2.469880883828714456e-22,6.181725653228793416e-01
2.120748770004482649e+05,4.934632072682842541e+00,2.000007148940702336e+03,1.258104165812214958e-01,4.183589233361789006e+00,7.006927168430667451e-03,4.619734244277954162e-05,2.470094691575185504e-22,6.181792982289582294e-01
2.120744105722284003e+05,4.934685309321786839e+00,2.000010283091736255e+03,1.258117711669990701e-01,4.183634160528518997e+00,7.007147742921235843e-03,4.619868351154706506e-05,2.470308517193659192e-22,6.181860311998365054e-01
2.120739441440085357e+05,4.934738546458396158e+00,2.000013417242736978e+03,1.258131257653627988e-01,4.183679088109203192e+00,7.007368323701106648e-03,4.620002461541152064e-05,2.470522360685523073e-22,6.181927642355151686e-01
2.120692798618055531e+05,4.935270945196852388e+00,2.000044758750919300e+03,1.258266724412545334e-01,4.184128386684097478e+00,7.009574477444779211e-03,4.621343758458306311e-05,2.472661778959465506e-22,6.182600981564708720e-01
2.120646155796025705e+05,4.935803393706056141e+00,2.000076100255784013e+03,1.258402203758614002e-01,4.184577726657703778e+00,7.011781260291760284e-03,4.622685406436909350e-05,2.474802986159763155e-22,6.183274385581349897e-01
2.120599512973996170e+05,4.936335891989937608e+00,2.000107441757332708e+03,1.258537695692808489e-01,4.185027108033133381e+00,7.013988672401736367e-03,4.624027405558264145e-05,2.476945983728025365e-22,6.183947854410670741e-01
2.120552870151966345e+05,4.936868440052439411e+00,2.000138783255566977e+03,1.258673200216107735e-01,4.185476530813509122e+00,7.016196713934603861e-03,4.625369755903840360e-05,2.479090773106978199e-22,6.184621388058255675e-01
2.120086441931696900e+05,4.942196659369592737e+00,2.000452198055969802e+03,1.260028938065033965e-01,4.189973036576763121e+00,7.038311782693215148e-03,4.638812594602396560e-05,2.500637534672765003e-22,6.191360290776871667e-01
2.119620013711427746e+05,4.947529860889693154e+00,2.000765612526689210e+03,1.261385935900717070e-01,4.194473686272464086e+00,7.060489969746738294e-03,4.652290645343863532e-05,2.522365072575997858e-22,6.198105681509568088e-01
2.119153585491158301e+05,4.952868048561478886e+00,2.001079026669321365e+03,1.262744194702262734e-01,4.198978483027526742e+00,7.082731435451183021e-03,4.665803989763146954e-05,2.544274848054233850e-22,6.204857565883771242e-01
2.118687157270889147e+05,4.958211226336216804e+00,2.001392440485461520e+03,1.264103715449358400e-01,4.203487429970503619e+00,7.105036340516294319e-03,4.679352709658354744e-05,2.566368333699107905e-22,6.211615949531638092e-01
2.118220729050619702e+05,4.963559398167731729e+00,2.001705853976704475e+03,1.265464499122285480e-01,4.208000530231622349e+00,7.127404846005287037e-03,4.692936886990570059e-05,2.588647013540527801e-22,6.218380838090070695e-01
2.113887492284995969e+05,5.013484700646349879e+00,2.004617529759038234e+03,1.278167069393202904e-01,4.250127469917402756e+00,7.338283190847121225e-03,4.820847032188616964e-05,2.804747221658126837e-22,6.281540321284606598e-01
2.109554255519371945e+05,5.063844560232682923e+00,2.007529178913201349e+03,1.290979515255860077e-01,4.292615667047620320e+00,7.554795869790763285e-03,4.951891185760822265e-05,3.038216107905940227e-22,6.345266268778319008e-01
2.105221018753748212e+05,5.114642178935285166e+00,2.010440802711146034e+03,1.303902630046542277e-01,4.335467652128387250e+00,7.777076480648724768e-03,5.086137116134304716e-05,3.290394961316778667e-22,6.409563259504365007e-01
2.100887781988124480e+05,5.165880777952015279e+00,2.013352402420760427e+03,1.316937211522632989e-01,4.378685968068250389e+00,8.005261358139947880e-03,5.223653848851269064e-05,3.562724359755062072e-22,6.474435908348760149e-01
2.096554545222500456e+05,5.217563597753801297e+00,2.016263979305916791e+03,1.330084061876175561e-01,4.422273170183462554e+00,8.239489620081962354e-03,5.364511685591943707e-05,3.856751195859233328e-22,6.539888866457858052e-01
2.092221308456876723e+05,5.269693898168045898e+00,2.019175534626518356e+03,1.343343987747241119e-01,4.466231826202150756e+00,8.479903214158718977e-03,5.508782223406631130e-05,4.174136176690196879e-22,6.605926821547809524e-01
2.077575722708768735e+05,5.449240955095969952e+00,2.029015941668507594e+03,1.389007960614821457e-01,4.617588098666024266e+00,9.340185649082646119e-03,6.022629049010794981e-05,5.444436782303379527e-22,6.833516484289522408e-01
2.062930136960661039e+05,5.634065603067776706e+00,2.038856164850625419e+03,1.436004625166534543e-01,4.773317834186098452e+00,1.027865161444081916e-02,6.579235907787576022e-05,7.084017851418641085e-22,7.068028623915665332e-01
2.048284551212553051e+05,5.824298693393595627e+00,2.048696251854185903e+03,1.484366266077755681e-01,4.933523318964113891e+00,1.130154836510256604e-02,7.181715714340205776e-05,9.195192616413757040e-22,7.309653823059133471e-01
2.033638965464445355e+05,6.020073699051529559e+00,2.058536249892757041e+03,1.534125763296798062e-01,5.098308459126758230e+00,1.241554930011681823e-02,7.833373634745818381e-05,1.190721933146275974e-21,7.558587805652311475e-01
2.018993379716337367e+05,6.221526751890409379e+00,2.068376205730522088e+03,1.585316597581722109e-01,5.267778778828197339e+00,1.362777746573579953e-02,8.537716606653074499e-05,1.538302515931556150e-21,7.815031586789894513e-01
2.004347793968229380e+05,6.428796679944850823e+00,2.078216165699957855e+03,1.637972855906920655e-01,5.442041417110877077e+00,1.494582997628003847e-02,9.298463188895801754e-05,1.982751380344605569e-21,8.079191626420129113e-01
1.989702208220121684e+05,6.642025044844150905e+00,2.088056175719023486e+03,1.692129236745401055e-01,5.621205123533349557e+00,1.637780336502159609e-02,1.011955374423359380e-04,2.549780730861289249e-21,8.351279987408462002e-01
1.965594117445520533e+05,7.006380086035562726e+00,2.104254040211862048e+03,1.784636841569257615e-01,5.927093081936580354e+00,1.900613689903512399e-02,1.161372024555972523e-04,3.838724200261215115e-21,8.817010458439765719e-01
1.941486026670919673e+05,7.387932960531188975e+00,2.120452364326987663e+03,1.881466370230425456e-01,6.247062457875146357e+00,2.200850719193098159e-02,1.330286583843053136e-04,5.744765569081102839e-21,9.305823297859944221e-01
1.917377935896318813e+05,7.787365164321954580e+00,2.136651346253448082e+03,1.982783640320800733e-01,6.581626507974447371e+00,2.543109592398092034e-02,1.520898153369515729e-04,8.546966651986194595e-21,9.818771065793006070e-01
1.893269845121717663e+05,8.205379725123494339e+00,2.152851181732884015e+03,2.088759146901057462e-01,6.931309980864724274e+00,2.932485523614638059e-02,1.735612488769114846e-04,1.264320386836515477e-20,1.035695413086699102e+00
1.869161754347116803e+05,8.642701657866652454e+00,2.169052064222499212e+03,2.199568114592165280e-01,7.296648957436984162e+00,3.374589104558802649e-02,1.977057054147988990e-04,1.859760769554108776e-20,1.092152292222359877e+00
1.845053663572515652e+05,9.100078419840023969e+00,2.185254185047644114e+03,2.315390546397466665e-01,7.678190663118974690e+00,3.875586577027189533e-02,2.248096771359150156e-04,2.720567677715442072e-20,1.151368026636649944e+00
1.820945572797914792e+05,9.578280365025234389e+00,2.201457733544143139e+03,2.436411269148159309e-01,8.076493251899659498e+00,4.442242037818048411e-02,2.551850464846091887e-04,3.958317231727389532e-20,1.213468380788680134e+00
1.796837482023313642e+05,1.007810119713668051e+01,2.217662897190616150e+03,2.562819975474179279e-01,8.492125561960067515e+00,5.081961556972956068e-02,2.891707999892597302e-04,5.728683752839584447e-20,1.278584851261885813e+00
1.756154896401582228e+05,1.097286570682617679e+01,2.245013412919035090e+03,2.788898143568938615e-01,9.234424385440796357e+00,6.350083973368844670e-02,3.557489301738253574e-04,1.056484457846815135e-19,1.395694918364647430e+00
1.715472310779850814e+05,1.193561864167255138e+01,2.272369938652969267e+03,3.031842983874917796e-01,1.003057482223109709e+01,7.893399120357171006e-02,4.356399101043771497e-04,1.920538408526656797e-19,1.522489889940303653e+00
1.674789725158119109e+05,1.297064882474382230e+01,2.299733344930657495e+03,3.292662042044361970e-01,1.088350229681189774e+01,9.762323138516910970e-02,5.310902871254348772e-04,3.442886606880660389e-19,1.659726002055205152e+00
1.634107139536387695e+05,1.408245382501398879e+01,2.327104491643907295e+03,3.572403639561846367e-01,1.179620428676944677e+01,1.201465619153273406e-01,6.446506552187984641e-04,6.088931896158223470e-19,1.808217961717819344e+00
1.600418984504631371e+05,1.506457518119804107e+01,2.349776267673311850e+03,3.819148390566751705e-01,1.259941504524750400e+01,1.421673498587726625e-01,7.544411238682102944e-04,9.666238165865686866e-19,1.940323505911221602e+00
1.566730829472875048e+05,1.610535849578960921e+01,2.372454412598711770e+03,4.080254553383538818e-01,1.344748420051525173e+01,1.676882378579466482e-01,8.804462180586340898e-04,1.521074762344269298e-18,2.081280155859998704e+00
1.533042674441118725e+05,1.720769948525261483e+01,2.395139400547804144e+03,4.356381429153722840e-01,1.434220824736001987e+01,1.971748785109110613e-01,1.024675133277210730e-03,2.373064854672616901e-18,2.231653541333034507e+00
1.499354519409362401e+05,1.837460191826794897e+01,2.417831701854955099e+03,4.648207723268308333e-01,1.528540639885368435e+01,2.311413652417178277e-01,1.189333769091431917e-03,3.671308126812013448e-18,2.392044048076625629e+00
1.465666364377606078e+05,1.960917974223112381e+01,2.440531783179024387e+03,4.956431531753240916e-01,1.627891767575003712e+01,2.701535392535501234e-01,1.376837994238295539e-03,5.633361569107965397e-18,2.563088536057971822e+00
1.431978209345849755e+05,2.091465916152089832e+01,2.463240107570209602e+03,5.281770306463550169e-01,1.732459789564801156e+01,3.148323379559923585e-01,1.589827266104268865e-03,8.574933894888554625e-18,2.745462070004437205e+00
1.398290054314093431e+05,2.229438066574590849e+01,2.485957134489323835e+03,5.624960800848730624e-01,1.842431658283479479e+01,3.658571691299831730e-01,1.831178583827550686e-03,1.295056572165782738e-17,2.939879655122382918e+00
1.364601899282337108e+05,2.375180100650761617e+01,2.508683319836117789e+03,5.986758792459903056e-01,1.957995381244306898e+01,4.239692943127582603e-01,2.104041071382845018e-03,1.940965267226536636e-17,3.147097979442440518e+00
1.359423859481120599e+05,2.398292900997455845e+01,2.512177290337530849e+03,6.044067938330617284e-01,1.976265919666618132e+01,4.335802466257167587e-01,2.148983186182529172e-03,2.064133616400001818e-17,3.180133789663432520e+00
1.354245819679903798e+05,2.421599012708858467e+01,2.515671489525625020e+03,6.101837826358289529e-01,1.994673711952620465e+01,4.433806291300760316e-01,2.194761858898123131e-03,2.194730651002063914e-17,3.213493833937594246e+00
1.349067779878687288e+05,2.445099765661128899e+01,2.519165919038937773e+03,6.160071321865223659e-01,2.013219444858820850e+01,4.533735497680450588e-01,2.241390152756075806e-03,2.333180270499428584e-17,3.247181135915769623e+00
1.343889740077470778e+05,2.468796496466436352e+01,2.522660580503533311e+03,6.218771300796692714e-01,2.031903805325950785e+01,4.635621553188142285e-01,2.288881290407915586e-03,2.479929130814897907e-17,3.281198744715977167e+00
1.338711700276254269e+05,2.492690548484477731e+01,2.526155475548501727e+03,6.277940649693556363e-01,2.050727480442776951e+01,4.739496317174182738e-01,2.337248655378457770e-03,2.635447786153331087e-17,3.315549735074866167e+00
1.333533660475037759e+05,2.516783271839733160e+01,2.529650605799248297e+03,6.337582265689309935e-01,2.069691157422164096e+01,4.845392043252810255e-01,2.386505793297193263e-03,2.800231883135390681e-17,3.350237207488197644e+00
1.328355620673821250e+05,2.541076023436664144e+01,2.533145972879216515e+03,6.397699056498720172e-01,2.088795523572883894e+01,4.953341382182879227e-01,2.436666413217374472e-03,2.974803410458358378e-17,3.385264288356436779e+00
1.317999541071387939e+05,2.590267072965986017e+01,2.540137424009712959e+03,6.519369846264730928e-01,2.127429072939246169e+01,5.175533504355468439e-01,2.539753760216599803e-03,3.355536324500914440e-17,3.456349911446368939e+00
1.307643461468954920e+05,2.640274688493542499e+01,2.547129841883824611e+03,6.642976491954668550e-01,2.166633627892796810e+01,5.406341940238720278e-01,2.646623686910848372e-03,3.782400473816822537e-17,3.528832139102407783e+00
1.297287381866521755e+05,2.691109970902943616e+01,2.554123239409964754e+03,6.768542635184617851e-01,2.206414687574158862e+01,5.646042481529340851e-01,2.757391882456793931e-03,4.260661406375908056e-17,3.602736929735190330e+00
1.286931302264088590e+05,2.742784131025293348e+01,2.561117629460679836e+03,6.896092085886778023e-01,2.246777750044270405e+01,5.894917544862248171e-01,2.872176776882229710e-03,4.796147459584914170e-17,3.678090669959632741e+00
1.276575222661655425e+05,2.795308490119952793e+01,2.568113024872184269e+03,7.025648821967317437e-01,2.287728311419011362e+01,6.153256261094062207e-01,2.991099583549707355e-03,5.395305663840614844e-17,3.754920179120902812e+00
1.266219143059222406e+05,2.848694480351123204e+01,2.575109438443873842e+03,7.157236988958016743e-01,2.329271865007853393e+01,6.421354564049104319e-01,3.114284341832633963e-03,6.065262757989716832e-17,3.833252713791323707e+00
1.241518402665719623e+05,2.979574526508975651e+01,2.591801077372433610e+03,7.479438459981472276e-01,2.430785530608839906e+01,7.102008565213413505e-01,3.426058177905129051e-03,7.997167871451787642e-17,4.026319198304087799e+00
1.222081392841837223e+05,3.086160417889500351e+01,2.604939961966861119e+03,7.741418992281781097e-01,2.513108896195967645e+01,7.680653057228157277e-01,3.690116731268342984e-03,9.915124983248811391e-17,4.184617895253069264e+00
1.202644383017954824e+05,3.196000019935392800e+01,2.618082668183895748e+03,8.011012888691028122e-01,2.597622695820327365e+01,8.299575088485665608e-01,3.971660181039997350e-03,1.226522188051237029e-16,4.348742783251951849e+00
1.183207373194072425e+05,3.309173910053323198e+01,2.631229278923481161e+03,8.288387151411372722e-01,2.684362978307716219e+01,8.961047616609199018e-01,4.271641286121032749e-03,1.513842410061233871e-16,4.518894199367901265e+00
1.163770363370190025e+05,3.425764088066682689e+01,2.644379876572033027e+03,8.573710825432444560e-01,2.773365673295631950e+01,9.667436680023789863e-01,4.591052281268943012e-03,1.864346539979640579e-16,4.695278344883624833e+00
1.144333353546307626e+05,3.545853986424516791e+01,2.657534542988000794e+03,8.867154989653309727e-01,2.864666572625215935e+01,1.042120330962766461e+00,4.930925917660853620e-03,2.291004124619756619e-16,4.878107382147257809e+00
1.124896343722425227e+05,3.669528480238101054e+01,2.670693359487008820e+03,9.168892747941983501e-01,2.958301312111174397e+01,1.122490540363067391e+00,5.292336512612555617e-03,2.809252487635960955e-16,5.067599529599394970e+00
1.105459333898542827e+05,3.796873897162412703e+01,2.683856406826729199e+03,9.479099220197757525e-01,3.054305353729251493e+01,1.208119956381153104e+00,5.676401008534461522e-03,3.437428271746045640e-16,5.263979154922155068e+00
1.077952084147172573e+05,3.983537771087227242e+01,2.702492133352032397e+03,9.932921311786134799e-01,3.194287944602652374e+01,1.338829094593550151e+00,6.260911409664562770e-03,4.557364038974380466e-16,5.554116127664005198e+00
1.050444834395802172e+05,4.177983676286389425e+01,2.721136719101213203e+03,1.040456841547129363e+00,3.339185601064056641e+01,1.481441799850473418e+00,6.896568480479933240e-03,6.017355105874893796e-16,5.859185542345315412e+00
1.022937584644431918e+05,4.380471441725154591e+01,2.739790386868448877e+03,1.089455737033544258e+00,3.489096641848856706e+01,1.636816630480057544e+00,7.587001653958654925e-03,7.913034687658706255e-16,6.179888629595468252e+00
9.954303348930615175e+04,4.591266906030160300e+01,2.758453356909977629e+03,1.140341293315635163e+00,3.644118370483966629e+01,1.805855054282198058e+00,8.336032399559746564e-03,1.036475943396695600e-15,6.516952975464587183e+00
9.679230851416911173e+04,4.810641968942410074e+01,2.777125846857002216e+03,1.193166773148598647e+00,3.804346991441016002e+01,1.989502341940413643e+00,9.147680565494515845e-03,1.352343130038011292e-15,6.871132979359468429e+00
9.404158353903208626e+04,5.038874641883320038e+01,2.795808071630131508e+03,1.247986221846552723e+00,3.969877530926328291e+01,2.188748422578743025e+00,1.002617080302391911e-02,1.757755408089877870e-15,7.243210294341622557e+00
9.129085856389504625e+04,5.276249097716526393e+01,2.814500243355930252e+03,1.304854462966146489e+00,4.140803762480862815e+01,2.404628700740874425e+00,1.097593907462514687e-02,2.276175710266036067e-15,7.633994249575017044e+00
8.750201293802775035e+04,5.618712728747517815e+01,2.840263492089087777e+03,1.386641848983299230e+00,4.385241983644399255e+01,2.731219320562589203e+00,1.240947067448263871e-02,3.230083959016904872e-15,8.204436810810802783e+00
8.371316731216045446e+04,5.979850527301638152e+01,2.866046546645778108e+03,1.472569532673855264e+00,4.640329522626847591e+01,3.094400634056079902e+00,1.399995752860264987e-02,4.552825777526469279e-15,8.814239922489365497e+00
7.992432168629317312e+04,6.360463570411656775e+01,2.891849933644530665e+03,1.562787950551600247e+00,4.906298359572461720e+01,3.497318205032523331e+00,1.576110501097074262e-02,6.375097923623932507e-15,9.465784847796852475e+00
7.613547606042587722e+04,6.761375934502530072e+01,2.917674168374870987e+03,1.657450279474996790e+00,5.183374946664650196e+01,3.943293300985349248e+00,1.770749485973628634e-02,8.869704020678274250e-15,1.016155880305870518e+01
7.234663043455858133e+04,7.183434927389764368e+01,2.943519754487840601e+03,1.756712423725624861e+00,5.471779993063597658e+01,4.435825775636585533e+00,1.985462008067113635e-02,1.226377173868696683e-14,1.090415652381875589e+01
6.855778480869128543e+04,7.627511319099220088e+01,2.969387183716851723e+03,1.860733004574779414e+00,5.771728287181433359e+01,4.978596682230093329e+00,2.221892048960306260e-02,1.685412623586385149e-14,1.169628171188337618e+01
6.476893918282398954e+04,8.094499572332063053e+01,2.995276935629752643e+03,1.969673352499979879e+00,6.083428556506875395e+01,5.575470620995599091e+00,2.481781889852242157e-02,2.302653598378061863e-14,1.254074836585781405e+01
6.098009355695669365e+04,8.585318073434373787e+01,3.021189477412552606e+03,2.083697502210067221e+00,6.407083365051376234e+01,6.230497825403152667e+00,2.766975794708282851e-02,3.127968742580109666e-14,1.344048199826968037e+01
5.567327265481604263e+04,9.314644515213461773e+01,3.057522881933570261e+03,2.252269928410096433e+00,6.880879484587948980e+01,7.253837826622974383e+00,3.212709472586978282e-02,4.759306083748704904e-14,1.479941545649613666e+01
5.036645175267539162e+04,1.009524459103790122e+02,3.093903092686793570e+03,2.431610369520281090e+00,7.379031081068707465e+01,8.411874919112616311e+00,3.717649439150023938e-02,7.165793787895989615e-14,1.628147331666748343e+01
4.505963085053473333e+04,1.092988396249068330e+02,3.130331267263491554e+03,2.622196333677125679e+00,7.902033044330566725e+01,9.717612199003980322e+00,4.287960294079701945e-02,1.068078267462118549e-13,1.789582104597916867e+01
3.975280994839408231e+04,1.182142476392086223e+02,3.166808513269527339e+03,2.824515813101243111e+00,8.450356654937067447e+01,1.118479243811141544e+01,4.930270644597815194e-02,1.576637580974187421e-13,1.965207013217914067e+01
3.444598904625343130e+04,1.277282695708589841e+02,3.203335888111920212e+03,3.039067361660070965e+00,9.024450205737244346e+01,1.282790173579154924e+01,5.651694984204966993e-02,2.305769430421245557e-13,2.156028146619264874e+01
2.913916814411277664e+04,1.378714973258468888e+02,3.239914398971798164e+03,3.266360198914155966e+00,9.624739875178275383e+01,1.466217168175318264e+01,6.459856011932850473e-02,3.342054869795373092e-13,2.363096813327700829e+01
2.383234724197212563e+04,1.486755296543825864e+02,3.276545002946570094e+03,3.506914340966050148e+00,1.025163083932550734e+02,1.670358016530349587e+01,7.362907375285902833e-02,4.802604735958408031e-13,2.587509768110458452e+01
1.852552633983147098e+04,1.601729873172307066e+02,3.313228607343931799e+03,3.761260758185689390e+00,1.090550860754711380e+02,1.896885097783920315e+01,8.369556818617837624e-02,6.844647005986271162e-13,2.830409393754785086e+01
1.321870543769081814e+04,1.723975289266826962e+02,3.349966070110554028e+03,4.029941559646490923e+00,1.158674056501046437e+02,2.147545236514523737e+01,9.489089717580659333e-02,9.677768245042327804e-13,3.092983845460966208e+01
7.911884535550165310e+03,1.853838675209801750e+02,3.386758200378925721e+03,4.313510203879269866e+00,1.229567770356157297e+02,2.424159469397411115e+01,1.073139297942991427e-01,1.357944888874487979e-12,3.376467165771562406e+01
2.605063633409512477e+03,1.991677879254259551e+02,3.423605759116684567e+03,4.612531735340954064e+00,1.303265652125527936e+02,2.728622740319684326e+01,1.210697928830160447e-01,1.891466429695788998e-12,3.682139378145069486e+01
0.000000000000000000e+00,2.063792071700000008e+02,3.441723732075768112e+03,4.768542686531846542e+00,1.341491424114281301e+02,2.890231134586619532e+01,1.283987220645854133e-01,2.222080314416179174e-12,3.843081200410701115e+01
