 z(m),p_tot(bar),T(K),p_H2O(bar),p_CO2(bar),p_CO(bar),p_H2(bar),p_CH4(bar),p_O2(bar)
0.000000000000000000e+00,1.761174271543000032e+02,3.386207318458596092e+03,2.165235283523719900e+01,1.068033441794913614e+02,3.352655368812526859e+01,8.577659364638993145e-01,1.912980887111409334e-10,1.327741051479663703e+01
5.630346920794537255e+03,1.637780621151388516e+02,3.349631107925105425e+03,2.023556047770187050e+01,1.007696884282131435e+02,3.018061110705144401e+01,7.699903032024308924e-01,1.448307231966377011e-10,1.182221179882515116e+01
1.183462904903435992e+04,1.510545151133885895e+02,3.309396124099497683e+03,1.876487157210952361e+01,9.441373978908177378e+01,2.682282741468432619e+01,6.825132597376930566e-01,1.061565730468581314e-10,1.037056307766913754e+01
1.803891117727418168e+04,1.391606981283078710e+02,3.269229827779984589e+03,1.737996308000384360e+01,8.833170992158152046e+01,2.378058610427836683e+01,6.038104256993547247e-01,7.744399541993361061e-11,9.064628596667331450e+00
2.424319330551400344e+04,1.280542147078147366e+02,3.229131180538200624e+03,1.607724320041074506e+01,8.251944939108139465e+01,2.103102275228253148e+01,5.331403476034562994e-01,5.623085528456430761e-11,7.893359016380401272e+00
3.044747543375382884e+04,1.176941555153545238e+02,3.189099076711196176e+03,1.485320527248899403e+01,7.697262137974323082e+01,1.855229874918702038e+01,4.698109233263768614e-01,4.063560383078602421e-11,6.846219190568278101e+00
3.665175756199364696e+04,1.080410692561184618e+02,3.149132341718338012e+03,1.370442623743538846e+01,7.168668085239578147e+01,1.632359862718979571e+01,4.131771695623235319e-01,2.922753487070481130e-11,5.913186369505939233e+00
4.285603969023346872e+04,9.905693475460788022e+01,3.109229730353254581e+03,1.262756532223090389e+01,6.665685677821969080e+01,1.432512596114370140e+01,3.626390287599450257e-01,2.092429807701385613e-11,5.084747664232723174e+00
4.906032181847329775e+04,9.070513407224858327e+01,3.069389925036484783e+03,1.161936294626039512e+01,6.187813769402859521e+01,1.253809757574913597e+01,3.176392175133384566e-01,1.491133951698859772e-11,4.351896638682210217e+00
5.526460394671311951e+04,8.295042654478859845e+01,3.029611534009780826e+03,1.067663984920600484e+01,5.734526085673066831e+01,1.094473581299932086e+01,2.776611182625426943e-01,1.057889740852098358e-11,3.706128907579497866e+00
6.146888607495294127e+04,7.575892361135444730e+01,2.989893089447406055e+03,9.796296435789292545e+00,5.305270518790817391e+01,9.528258640085260467e+00,2.422267160246511786e-01,7.472983174053115837e-12,3.139436631539599176e+00
6.767316820319276303e+04,6.909806430050866766e+01,2.950233045453128852e+03,8.975312330007053419e+00,4.899468816358855605e+01,8.272867408604584583e+00,2.108945817228833064e-01,5.257446890342556697e-12,2.644301816580323372e+00
7.387745033143258479e+04,6.293659123362640173e+01,2.910629775903879818e+03,8.210746128583252812e+00,4.516516674883376226e+01,7.163732109976177043e+00,1.832579034929034123e-01,3.684781632109483782e-12,2.213688342736635839e+00
8.008173245967240655e+04,5.724452700252918191e+01,2.871081572092199167e+03,7.499735340592916799e+00,4.155784242199480616e+01,6.186974007968215616e+00,1.589425671010835373e-01,2.573780061511014702e-12,1.841032664869582725e+00
8.628601458791222831e+04,5.199315077657792727e+01,2.831586640110050666e+03,6.839496497781961892e+00,3.816617028024543856e+01,5.329645565217175474e+00,1.376052862719100711e-01,1.792533809592852347e-12,1.520233147059646628e+00
9.006825211605893855e+04,4.899625195588283333e+01,2.807535184577812743e+03,6.460756087302733874e+00,3.620146921638560400e+01,4.860423369326078991e+00,1.259235380273487914e-01,1.436106277030352676e-12,1.347679744839635374e+00
9.385048964420563425e+04,4.614688262166583854e+01,2.783502386035910604e+03,6.099279572476909550e+00,3.431282115665401733e+01,4.428528277165121096e+00,1.151650355229453110e-01,1.149763631893452425e-12,1.191088579845696716e+00
9.763272717235234450e+04,4.343920192190884677e+01,2.759487788605249989e+03,5.754479867496083756e+00,3.249862214508772951e+01,4.031514319028957516e+00,1.052672217668658289e-01,9.200625111382489242e-13,1.049318368528279644e+00
1.014149647004990547e+05,4.086753213679158847e+01,2.735490923124339588e+03,5.425780979345139698e+00,3.075724189871740677e+01,3.667052652492611475e+00,9.617101211643325209e-02,7.360526898177785702e-13,9.212855941192654718e-01
1.051972022286457504e+05,3.842635666651043636e+01,2.711511306778849757e+03,5.112618060057870117e+00,2.908702588520353061e+01,3.332928931714883358e+00,8.782065330686872340e-02,5.888337893491282225e-13,8.059631362266957977e-01
1.089794397567924607e+05,3.611031799582909230e+01,2.687548442699426232e+03,4.814437463571123565e+00,2.748629758607886941e+01,3.027040533077442142e+00,8.016358460937991759e-02,4.711869047626441030e-13,7.023788284918027758e-01
1.127616772849391709e+05,3.391421563103323678e+01,2.663601819527049884e+03,4.530696806889747741e+00,2.595336094369913837e+01,2.747393635892228403e+00,7.315030089850989292e-02,3.772692320475803072e-13,6.096139436532362899e-01
1.165439148130858666e+05,3.183300400528434082e+01,2.639670910944985280e+03,4.260865035452897409e+00,2.448650299158729737e+01,2.492100156029871894e+00,6.673421734332314614e-02,3.023615406195041935e-13,5.268016048706479770e-01
1.183349982550057757e+05,3.088611580961019598e+01,2.628343726014465574e+03,4.137788752424151006e+00,2.381442907182886159e+01,2.379185077586015051e+00,6.389153475755324219e-02,2.723972775414142575e-13,4.908213730133426100e-01
1.201260816969256703e+05,2.996338481094800343e+01,2.617019885060273282e+03,4.017660560026567573e+00,2.315660188252483564e+01,2.271147633500813168e+00,6.116847362423925849e-02,2.454895771284971275e-13,4.568062612712970316e-01
1.219171651388455793e+05,2.906431077795349438e+01,2.605699328494044948e+03,3.900426748396101040e+00,2.251283660297262301e+01,2.167810940265129105e+00,5.856072335070370422e-02,2.213294680595135063e-13,4.246757629687209490e-01
1.237082485807654739e+05,2.818840094876524915e+01,2.594381995898332207e+03,3.786034188258236899e+00,2.188294800498214698e+01,2.069002933583122594e+00,5.606410043337829024e-02,1.996384837968472293e-13,3.943517215081664973e-01
1.254993320226853830e+05,2.733516997743910082e+01,2.583067826013681952e+03,3.674430332867441695e+00,2.126675053190768594e+01,1.974556281703481853e+00,5.367454529333880869e-02,1.801657571163375248e-13,3.657582856669723825e-01
1.272904154646052921e+05,2.650413987981074015e+01,2.571756756725789273e+03,3.565563220000981470e+00,2.066405837982506100e+01,1.884308296913572267e+00,5.138811910689067980e-02,1.626853786323472394e-13,3.388218639640721563e-01
1.290814989065251866e+05,2.569483997874673165e+01,2.560448725052865484e+03,3.459381474004473933e+00,2.007468558081875543e+01,1.798100845197649011e+00,4.920100062839431743e-02,1.469939966737568350e-13,3.134710780973161137e-01
1.299770406274858397e+05,2.529819374970971779e+01,2.554795828400000119e+03,3.407281719593315383e+00,1.978493579985770268e+01,1.756464124870381394e+00,4.814351900642804827e-02,1.397612595224765463e-13,3.013685863825745215e-01
1.308725823484465072e+05,2.490680684872519990e+01,2.549143667133445888e+03,3.355834307882391343e+00,1.949844608830305859e+01,1.715780254076916478e+00,4.710948300276744660e-02,1.329086376758514414e-13,2.896367154606490080e-01
1.317681240694071748e+05,2.452062247147926044e+01,2.543492233131139983e+03,3.305032982827425414e+00,1.921519319237343382e+01,1.676030705461698300e+00,4.609844660910358133e-02,1.264161190109269264e-13,2.782671442080922874e-01
1.326636657903678133e+05,2.413958425984302991e+01,2.537841518214615007e+03,3.254871525445201641e+00,1.893515386439021242e+01,1.637197218680089383e+00,4.510997056584353793e-02,1.202647279324396968e-13,2.672516807620924362e-01
1.335592075113284809e+05,2.376363630008756189e+01,2.532191514148678380e+03,3.205343753883074243e+00,1.865830486560953361e+01,1.599261797371606342e+00,4.414362226135409156e-02,1.144364733416173259e-13,2.565822609623388817e-01
1.344547492322891485e+05,2.339272312106486851e+01,2.526542212641107653e+03,3.156443523485546798e+00,1.838462296905953863e+01,1.562206706108117071e+00,4.319897563097519627e-02,1.089142991013211327e-13,2.462509467805830687e-01
1.355408753521608887e+05,2.294955114134844720e+01,2.519691587740865089e+03,3.097969910608292299e+00,1.805691402915066845e+01,1.518421937638608554e+00,4.208181258851305395e-02,1.026044745709958897e-13,2.341634513622636304e-01
1.366270014720326290e+05,2.251360669274987814e+01,2.512841968953666765e+03,3.040399557294834132e+00,1.773378812445023911e+01,1.475875693349672835e+00,4.099521802086979888e-02,9.669394712454944156e-14,2.225480996341651363e-01
1.369787780252893281e+05,2.237394567763791287e+01,2.510623714838208798e+03,3.021945428320371274e+00,1.763010919880056093e+01,1.462356244910070435e+00,4.064972296133392837e-02,9.486096306126030878e-14,2.188850826454819265e-01
1.373305545785459981e+05,2.223502945845812562e+01,2.508405564159899313e+03,3.003584560381994617e+00,1.752690529230023841e+01,1.448962540064999249e+00,4.030733436062119979e-02,9.306635141411226273e-14,2.152697313501800991e-01
1.376823311318026972e+05,2.209685479286248366e+01,2.506187516400350887e+03,2.985316591284466359e+00,1.742417500255829665e+01,1.435693572959758857e+00,3.996802811072014405e-02,9.130930087678840598e-14,2.117015979491505273e-01
1.380341076850593963e+05,2.195941844881267357e+01,2.503969571039790480e+03,2.967141159726772504e+00,1.732191692782546255e+01,1.422548343565855244e+00,3.963178024689586326e-02,8.958901711215271483e-14,2.081802374475991979e-01
1.383858842383160954e+05,2.182271720456283859e+01,2.501751727557056256e+03,2.949057905302792104e+00,1.722012966702178360e+01,1.409525857651559022e+00,3.929856694673730666e-02,8.790472240688312522e-14,2.047052076398801490e-01
1.384210618936421815e+05,2.180908738689629800e+01,2.501529948791956940e+03,2.947254635753827845e+00,1.720997678178658319e+01,1.408230321845815647e+00,3.926541160478368847e-02,8.773824288036442955e-14,2.043602359051996942e-01
1.384562395489682676e+05,2.179546488489875244e+01,2.501308171039888293e+03,2.945452284021335743e+00,1.719982858928624125e+01,1.406936002600195357e+00,3.923228634793713560e-02,8.757211486442391984e-14,2.040157226429520909e-01
1.384914172042943537e+05,2.178184969536540194e+01,2.501086394300326901e+03,2.943650849746389575e+00,1.718968508812085005e+01,1.405642898929955864e+00,3.919919115260762227e-02,8.740633760808004972e-14,2.036716674155093221e-01
1.385265948596204689e+05,2.176824181509248035e+01,2.500864618572748896e+03,2.941850332570151050e+00,1.717954627689056224e+01,1.404351009850957066e+00,3.916612599521993726e-02,8.724091036194479712e-14,2.033280697855055497e-01
1.385617725149465550e+05,2.175464124087721629e+01,2.500642843856630861e+03,2.940050732133866251e+00,1.716941215419560862e+01,1.403060334379592433e+00,3.913309085221256672e-02,8.707583237820894724e-14,2.029849293158543511e-01
1.385793613426088996e+05,2.174784369254062710e+01,2.500531956877705397e+03,2.939151275581122214e+00,1.716434685061145871e+01,1.402415451439569694e+00,3.911658452874279546e-02,8.699342412648701060e-14,2.028135303796473887e-01
1.385969501702712441e+05,2.174104796951789353e+01,2.500421070151448475e+03,2.938252048078877188e+00,1.715928271863626975e+01,1.401770871532867391e+00,3.910008570003829786e-02,8.691110291065039767e-14,2.026422455697520497e-01
1.386145389979335596e+05,2.173425407140895871e+01,2.500310183677794612e+03,2.937353049582314579e+00,1.715421975809507060e+01,1.401126594536723502e+00,3.908359436315866214e-02,8.682886863767352556e-14,2.024710748316020659e-01
1.386321278255959041e+05,2.172746199781381904e+01,2.500199297456678323e+03,2.936454280046616017e+00,1.714915796881293275e+01,1.400482620328354022e+00,3.906711051516311567e-02,8.674672121462162502e-14,2.023000181106642814e-01
1.386497166532582487e+05,2.172067174833442138e+01,2.500088411486322002e+03,2.935555739427648803e+00,1.714409735062267615e+01,1.399838948780845360e+00,3.905063415301471968e-02,8.666466054835869789e-14,2.021290753501507331e-01
1.386673054809205933e+05,2.171388332255414610e+01,2.499977525782061548e+03,2.934657807386896522e+00,1.713903773277184328e+01,1.399195811391041433e+00,3.903379535914493909e-02,8.658276886001845815e-14,2.019581756451306331e-01
1.386848943085829378e+05,2.170709672007883384e+01,2.499866640338730576e+03,2.933759724336682861e+00,1.713397945612854301e+01,1.398552744822228355e+00,3.901733407621989225e-02,8.650088137311571786e-14,2.017874607150606514e-01
1.387728384468974546e+05,2.167319104342824687e+01,2.499312216905689183e+03,2.929272739914932533e+00,1.710870562780322857e+01,1.395341943985226374e+00,3.893513976011937772e-02,8.609273927950648991e-14,2.009355919646387267e-01
1.388607825852119713e+05,2.163933088970201624e+01,2.498757799772657563e+03,2.924791469438302371e+00,1.708346104159652157e+01,1.392138685267322540e+00,3.885313200600468836e-02,8.568674764039171430e-14,2.000865613937611864e-01
1.389487267235265172e+05,2.160551620899722280e+01,2.498203388931436166e+03,2.920315907313590920e+00,1.705824567564721761e+01,1.388942953378152545e+00,3.877131044764964979e-02,8.528289498584601145e-14,1.992403622105293481e-01
1.393884474150977330e+05,2.143712315699074011e+01,2.495431428815086747e+03,2.898023526451952936e+00,1.693260638482931313e+01,1.373076662756397281e+00,3.836498281225976525e-02,8.329531925857025204e-14,1.950516001407347488e-01
1.418556114354153979e+05,2.051308029055343241e+01,2.479881511136676636e+03,2.775557838336302652e+00,1.624108460251947506e+01,1.287448863684075961e+00,3.616921498454343104e-02,7.306591986731885966e-14,1.728197710289617328e-01
1.443227754557330918e+05,1.962350859263106173e+01,2.464336322592740999e+03,2.657436629278373985e+00,1.557197539993164881e+01,1.207346388813565374e+00,3.411044742121283058e-02,6.424206317258252106e-14,1.526397271861983929e-01
1.467899394760507857e+05,1.876734866612461872e+01,2.448795676307459871e+03,2.543540182594624888e+00,1.492480003942834799e+01,1.132454718652339709e+00,3.218115156096427315e-02,5.662759559799528178e-14,1.343725738882833587e-01
1.492571034963684506e+05,1.794356519760610169e+01,2.433259382063947669e+03,2.433750972297556103e+00,1.429908263908025923e+01,1.062472012899581930e+00,3.037410007758290995e-02,5.005364468713620506e-14,1.178854732510693781e-01
1.517242675166861445e+05,1.715114664456269011e+01,2.417727246351336817e+03,2.327953669703292761e+00,1.369435060219397471e+01,9.971086256330150555e-01,2.868235140410957743e-02,4.437488826201935597e-14,1.030513956282548549e-01
1.541914315370038385e+05,1.638910491827114768e+01,2.402199072441927456e+03,2.226035147263794478e+00,1.311013501254222291e+01,9.360866414191038043e-01,2.709923488703929600e-02,3.946631667432526452e-14,8.974888215894800958e-02
1.561140551802090777e+05,1.581569652904551226e+01,2.390100819554554619e+03,2.149229358903123277e+00,1.266878963491744514e+01,8.913713279142558843e-01,2.593672102550802216e-02,3.610549761837989103e-14,8.036948628514181681e-02
1.580366788234143460e+05,1.525970202770886708e+01,2.378004755489114814e+03,2.074660117305989537e+00,1.223940297636634611e+01,8.490087861775648115e-01,2.483334623467706517e-02,3.310238781513600502e-14,7.179680162425353118e-02
1.599593024666195852e+05,1.472068268772738442e+01,2.365910783381378224e+03,2.002276659412160154e+00,1.182175848458916789e+01,8.088813717244524026e-01,2.378626554525199374e-02,3.041749806794074694e-14,6.397990645638401697e-02
1.618819261098248535e+05,1.419820800751621803e+01,2.353818805388297278e+03,1.932029025246378762e+00,1.141564129939702532e+01,7.708752786756486453e-01,2.279271807725386650e-02,2.801573101643552449e-14,5.686968611991366496e-02
1.638045497530300927e+05,1.369185561702191656e+01,2.341728722757340620e+03,1.863868051958531558e+00,1.102083826984479487e+01,7.348804713428807034e-01,2.185002477387731554e-02,2.586589338876539216e-14,5.041879910181955304e-02
1.657271733962353610e+05,1.320121118478291677e+01,2.329640435903678281e+03,1.797745366105222731e+00,1.063713794668444734e+01,7.007906330544999562e-01,2.095558670055432809e-02,2.394026142995758647e-14,4.458165223817429912e-02
1.676497970394406002e+05,1.272586832579669291e+01,2.317553844494266286e+03,1.733613374124585604e+00,1.026433054939219147e+01,6.685031329283672719e-01,2.010688395110302867e-02,2.221419403353889139e-14,3.931438540042490881e-02
1.695724206826458685e+05,1.226542851052680483e+01,2.305468847537482816e+03,1.671425251033809234e+00,9.902207908154100124e+00,6.379190105224348262e-01,1.930147518201540124e-02,2.066578863424940234e-14,3.457486563442591782e-02
1.714950443258511077e+05,1.181950097537152722e+01,2.293385343476569687e+03,1.611134927470791567e+00,9.550563382523868938e+00,6.089429773729243545e-01,1.853699776955245598e-02,1.927557539590557127e-14,3.032269023436752475e-02
1.734176679690563760e+05,1.138770263488542511e+01,2.281303230284781421e+03,1.552697075301483043e+00,9.209191759910918762e+00,5.814834334187645171e-01,1.781116855364147517e-02,1.802624565522995117e-14,2.651919770059844514e-02
1.753402916122616152e+05,1.096965799599512970e+01,2.269222405559831259e+03,1.496067092115407782e+00,8.877889138506882105e+00,5.554524952844109853e-01,1.712178509956215761e-02,1.690241096513814521e-14,2.312748498884986334e-02
1.772629152554668835e+05,1.056499907438106156e+01,2.257142766615004348e+03,1.441201085024267803e+00,8.556452800581011431e+00,5.307660324433033372e-01,1.646672737577457163e-02,1.589038942521435002e-14,2.011242895668664474e-02
1.791855388986721227e+05,1.017336531311043224e+01,2.245064210564196856e+03,1.388055854252484567e+00,8.244681083129455246e+00,5.073437065086681130e-01,1.584395971699104413e-02,1.497801629848495501e-14,1.744070950282071431e-02
1.811081625418773910e+05,9.794403503507620457e+00,2.232986634398160732e+03,1.336588877055059132e+00,7.942373253520825571e+00,4.851090083884744830e-01,1.525153291877103141e-02,1.415447619733284106e-14,1.508083162447707362e-02
1.830307861850826303e+05,9.427767708141972847e+00,2.220909935049377964e+03,1.286758292510083779e+00,7.649329397943177788e+00,4.639892878678298360e-01,1.468758629622056444e-02,1.341015438249091547e-14,1.300314352464529422e-02
1.849534098282878986e+05,9.073119185707364309e+00,2.208834009443271498e+03,1.238522887706963171e+00,7.365350330075252749e+00,4.439157703832175006e-01,1.415034953658680233e-02,1.273650496131448452e-14,1.117984800533063615e-02
1.868760334714931378e+05,8.730126317469757424e+00,2.196758754533855608e+03,1.191842085787410577e+00,7.090237526486606434e+00,4.248235563273118354e-01,1.363814418437319861e-02,1.212593399796918752e-14,9.585004684043647513e-03
1.887986571146984061e+05,8.398464534875962784e+00,2.184684067322411465e+03,1.146675936199209156e+00,6.823793093886277639e+00,4.066515991269188390e-01,1.314938461749940238e-02,1.157169576067205175e-14,8.194521046047243892e-03
1.907212807579036453e+05,8.077816247854439524e+00,2.172609844858307952e+03,1.102985107400948239e+00,6.565819771608289557e+00,3.893426594904662030e-01,1.268257840216469728e-02,1.106780053030977819e-14,6.986130952560705779e-03
1.926439044011089136e+05,7.767870773301725151e+00,2.160535984221657145e+03,1.060730882120482166e+00,6.316120970800862544e+00,3.728432345207619014e-01,1.223632594975520953e-02,1.060893258064871792e-14,5.939359909854224906e-03
1.945665280443141528e+05,7.468324263237565930e+00,2.148462382488017738e+03,1.019875155132597744e+00,6.074500849844294947e+00,3.571034617174648762e-01,1.180931943802175470e-02,1.019037711218384650e-14,5.035477105176168998e-03
1.964891516875193920e+05,7.178879632127877386e+00,2.136388936675864443e+03,9.803804333938308524e-01,5.840764423720388621e+00,3.420769991418747269e-01,1.140034099746462665e-02,9.807955078540310936e-15,4.257434874308961212e-03
1.984117753307246603e+05,6.899246482914509038e+00,2.124315543677946607e+03,9.422098382638738334e-01,5.614717703526578063e+00,3.277208840913660159e-01,1.100826019935307112e-02,9.457964985542880911e-15,3.589796833329063439e-03
2.003343989739298995e+05,6.629141031350507696e+00,2.112242100177977136e+03,9.053271094603548841e-01,5.396167861162283863e+00,3.139953734669060914e-01,1.063203091163357310e-02,9.137130868043497231e-15,3.018656349321016761e-03
2.022570226171351678e+05,6.368286028314046554e+00,2.100168502554336555e+03,8.696966103401340131e-01,5.184923413458712105e+00,3.008637695803680900e-01,1.027068761162950976e-02,8.842555758465734006e-15,2.531547323193408545e-03
2.036857675549496198e+05,6.180269488087335006e+00,2.091196178778769536e+03,8.440090681151881657e-01,5.032561889638627939e+00,2.914698962653213266e-01,1.001127728504326748e-02,8.639130118536876410e-15,2.217356783145787123e-03
2.051145124927641009e+05,5.997102817003109543e+00,2.082223669574147607e+03,8.189795624682879582e-01,4.884052373105006062e+00,2.823723336872643874e-01,9.759256158033564540e-03,8.447844369529194824e-15,1.939291584508819272e-03
2.065432574305785529e+05,5.818679095446841920e+00,2.073250931874043545e+03,7.945941504127325139e-01,4.739318111999537564e+00,2.735589298652412182e-01,9.514306279243078465e-03,8.267840813742633530e-15,1.693596890078066710e-03
2.079720023683930340e+05,5.644893308559737477e+00,2.064277922393488552e+03,7.708390860782302623e-01,4.598282980698876976e+00,2.650182590733455301e-01,9.276129531899685032e-03,8.098338501464590519e-15,1.476853177376966824e-03
2.094007473062074860e+05,5.475642326238497226e+00,2.055304597598986220e+03,7.477008221261504106e-01,4.460871525347331890e+00,2.567395783362274586e-01,9.044446543904838959e-03,7.938626761064155979e-15,1.285953884874487538e-03
2.108294922440219671e+05,5.310824882735637686e+00,2.046330913677836179e+03,7.251660110509006163e-01,4.327009007892576697e+00,2.487127847181011542e-01,8.818995598951105339e-03,7.788059254726032471e-15,1.118083475100048896e-03
2.122582371818364190e+05,5.150341555868751975e+00,2.037356826506930474e+03,7.032215063355422568e-01,4.196621448178404989e+00,2.409283737166151573e-01,8.599531558968767642e-03,7.646048521677393536e-15,9.706960792142106621e-04
2.127667219209928007e+05,5.094253350675470138e+00,2.034162878248073639e+03,6.955515125785179942e-01,4.151041568381831581e+00,2.382147027744904166e-01,8.522825720459788548e-03,7.597469377265076127e-15,9.227412201627877746e-04
2.132752066601491533e+05,5.038697390295681977e+00,2.030968871268659768e+03,6.879540694400639866e-01,4.105889282848801614e+00,2.355302075225033098e-01,8.446839080184707221e-03,7.549883507473810690e-15,8.769914041223696079e-04
2.137836913993055350e+05,4.983669359096764673e+00,2.027774803546977409e+03,6.804286028469460623e-01,4.061161331390896301e+00,2.328745090383936012e-01,8.371561966823747383e-03,7.503269173120763219e-15,8.333538536963847445e-04
2.142921761384618876e+05,4.929164970090994302e+00,2.024580673054953195e+03,6.729745419866484113e-01,4.016854467618904856e+00,2.302472363059126226e-01,8.296984930041811229e-03,7.457605376384985885e-15,7.917392494795678264e-04
2.148006608776182693e+05,4.875179964810404165e+00,2.021386477757967441e+03,6.655913193102952485e-01,3.972965459132975052e+00,2.276480260079525308e-01,8.223098734886385985e-03,7.412871837702829705e-15,7.520616242867005086e-04
2.153091456167746219e+05,4.821710113181086221e+00,2.018192215614672250e+03,6.582783705351399339e-01,3.929491087706829866e+00,2.250765223234553747e-01,8.149894356267778708e-03,7.369048973395314421e-15,7.142382593855080416e-04
2.155633879863535112e+05,4.795167055820502178e+00,2.016595058835852114e+03,6.546480734157477110e-01,3.907908389114985059e+00,2.238010512677849617e-01,8.113545083864793367e-03,7.347473109170532172e-15,6.959969381118836888e-04
2.158176303559324006e+05,4.768751213396954292e+00,2.014997884576807110e+03,6.510351346466113354e-01,3.886428149465798398e+00,2.225323767282450793e-01,8.077362973525131426e-03,7.326117874012875868e-15,6.781895827664978678e-04
2.160718727255112899e+05,4.742462065080728095e+00,2.013400692580394661e+03,6.474394846118242119e-01,3.865049970545583857e+00,2.212704562474097358e-01,8.041346953730516001e-03,7.304981006148991336e-15,6.608067221722818295e-04
2.163261150950901792e+05,4.716299091792721221e+00,2.011803482589175928e+03,6.438610538998833510e-01,3.843773455058571820e+00,2.200152477997042166e-01,8.005495965074398493e-03,7.284060283349072119e-15,6.438390694798543784e-04
2.165803574646690686e+05,4.690261776202561350e+00,2.010206254344178433e+03,6.402997733039962336e-01,3.822598206633707640e+00,2.187667097855862941e-01,7.969808960109644666e-03,7.263353522394954235e-15,6.272775191547406591e-04
2.168345998342479579e+05,4.664349602716988841e+00,2.008609007589221847e+03,6.367555738210773919e-01,3.801523829823216349e+00,2.175248010254810793e-01,7.934284903152321808e-03,7.242858578167022302e-15,6.111131440547589409e-04
2.184021800422496744e+05,4.507316832981874910e+00,1.998760451012773501e+03,6.152763427641104732e-01,3.673790372310840269e+00,2.100116092202913010e-01,7.718793838019331714e-03,7.121049831417224162e-15,5.197148486071457131e-04
2.199697602502513910e+05,4.354903109825276175e+00,1.988911119601542168e+03,5.944279189722554424e-01,3.549785081308134416e+00,2.027396965468887258e-01,7.509228621716728183e-03,7.006752176595825493e-15,4.411843762739472855e-04
2.218855992221521446e+05,4.174731213961464071e+00,1.976872486000487697e+03,5.697815127657240852e-01,3.403161351795952694e+00,1.941672651647407266e-01,7.260840007021691564e-03,6.876661594955368332e-15,3.602442280180505828e-04
2.238014381940528983e+05,4.001077024088012024e+00,1.964832488125572354e+03,5.460259717054691819e-01,3.261809626947309138e+00,1.859274596146685832e-01,7.020617030272247212e-03,6.756506405937536405e-15,2.933487902864500749e-04
2.257172771659536520e+05,3.833738087759637647e+00,1.952791009540562982e+03,5.231339628167023248e-01,3.125571259951385628e+00,1.780064274019997617e-01,6.788222298689527111e-03,6.645706027868629172e-15,2.382152908537220294e-04
2.276331161378544057e+05,3.672517186084179652e+00,1.940747931763271481e+03,5.010788042779388274e-01,2.994290924788682862e+00,1.703912104900924540e-01,6.563343428327230583e-03,6.543758657253743167e-15,1.929030991317945626e-04
2.295489551097551594e+05,3.517222233534023523e+00,1.928703134129858881e+03,4.798344605811813990e-01,2.867816661248502541e+00,1.630696535151822113e-01,6.345690381951725641e-03,6.450233043234116067e-15,1.557678071989337942e-04
2.314647940816559130e+05,3.367666177695883167e+00,1.916656493659366561e+03,4.593755367084075281e-01,2.745999905660652551e+00,1.560303217933371733e-01,6.134993069797694577e-03,6.364761365392232152e-15,1.254204636827004461e-04
2.333806330535566667e+05,3.223666899165796185e+00,1.904607884918233367e+03,4.396772714196175436e-01,2.628695508556963212e+00,1.492624284073862106e-01,5.930999198696091865e-03,6.287033106379389713e-15,1.006915831270417861e-04
2.352964720254574204e+05,3.085047111778259854e+00,1.892557179884491234e+03,4.207155297496919522e-01,2.515761740511607059e+00,1.427557696281655242e-01,5.733472353067669593e-03,6.216789822541809849e-15,8.059953572125451307e-05
2.372123109973581450e+05,2.951634263340606523e+00,1.880504247811280266e+03,4.024667948104445059e-01,2.407060287403581800e+00,1.365006679177125370e-01,5.542190290157137690e-03,6.153820726841589614e-15,6.432291870417082840e-05
2.391281499692588986e+05,2.823260437026291036e+00,1.868448955089268566e+03,3.849081589912759505e-01,2.302456236309677440e+00,1.304879217758539434e-01,5.356943431450903945e-03,6.097959008855438135e-15,5.117651802685058826e-05
2.410439889411596523e+05,2.699762253557556058e+00,1.856391165107608231e+03,3.680173146464303935e-01,2.201818053174642298e+00,1.247087617200921400e-01,5.177533532322494900e-03,6.049078826571072786e-15,4.059048406262952122e-05
2.433585271916189231e+05,2.556840074423773590e+00,1.841820535566307171e+03,3.484711460574884678e-01,2.085343515278256010e+00,1.180265591985079493e-01,4.968305042570055237e-03,5.999216689660553441e-15,3.054884694511353545e-05
2.456730654420781648e+05,2.420530461760345808e+00,1.827245804213652264e+03,3.298308031603485180e-01,1.974250766930299106e+00,1.116590010438475167e-01,4.767007700863832437e-03,5.959336349994453702e-15,2.288292498074317262e-05
2.479876036925374356e+05,2.290570616304664853e+00,1.812666710822717505e+03,3.120603287573558982e-01,1.868327180346791128e+00,1.055927045804563313e-01,4.573344689374926955e-03,5.929430397206420010e-15,1.705793068063001474e-05
2.503021419429966772e+05,2.166706510710690203e+00,1.798082987398938030e+03,2.951249472284203645e-01,1.767366960438782941e+00,9.981491571675354946e-02,4.387034465849466366e-03,5.909564956330219484e-15,1.265286087806746806e-05
2.526166801934559480e+05,2.048692653577466771e+00,1.783494357777909045e+03,2.789910366824318033e-01,1.671171014961994494e+00,9.431345498173504538e-02,4.207809126874561059e-03,5.899879511979465817e-15,9.337824424722495666e-06
2.549312184439151897e+05,1.936291857579703901e+00,1.768900537208025526e+03,2.636261008455881849e-01,1.579546816519751484e+00,8.907667164814067617e-02,4.035413024599476817e-03,5.900588170009067399e-15,6.855541617826019257e-06
2.559409889417983068e+05,1.888954442429789937e+00,1.762531946877633800e+03,2.571556895147298349e-01,1.540958421162010206e+00,8.687207252476034092e-02,3.962278291567835481e-03,5.904225129877600525e-15,5.980936715740815097e-06
2.569507594396813947e+05,1.842623123009645481e+00,1.756162287787671175e+03,2.508231072371679415e-01,1.503189604916316036e+00,8.471482127785050220e-02,3.890377027016893915e-03,5.909923839125849520e-15,5.212551288183531056e-06
2.579605299375644827e+05,1.797279627497023968e+00,1.749791534636076904e+03,2.446258492441562848e-01,1.466225515333942964e+00,8.260403486386706795e-02,3.819689891820738595e-03,5.917716298574488231e-15,4.538163231167173117e-06
2.589703004354475997e+05,1.752905961616159525e+00,1.743419661762626674e+03,2.385614486117231814e-01,1.430051522413326559e+00,8.053884583064994940e-02,3.750197885502191790e-03,5.927637631428645883e-15,3.946874952012725871e-06
2.599800709333306877e+05,1.709484405219576120e+00,1.737046643141200093e+03,2.326274758185901403e-01,1.394653216184299493e+00,7.851840190311089318e-02,3.681882334346101189e-03,5.939726188912208811e-15,3.428979223680655167e-06
2.609898414312137756e+05,1.666997508900170288e+00,1.730672452371878990e+03,2.268215383057111123e-01,1.360016404282423652e+00,7.654186559408895918e-02,3.614724880339662428e-03,5.954023667747752213e-15,2.975837600965625157e-06
2.619996119290968636e+05,1.625428090634451372e+00,1.724297062672865422e+03,2.211412800377675070e-01,1.326127109517124314e+00,7.460841383834905527e-02,3.548707470875883327e-03,5.970575239995342712e-15,2.579770328636174468e-06
2.624372279737025383e+05,1.607693363623038829e+00,1.721533706292584156e+03,2.187180104144763326e-01,1.311668813723498417e+00,7.378366903335840943e-02,3.520446349111569940e-03,5.978460670487388638e-15,2.424102588272637326e-06
2.628748440183082130e+05,1.590126414396858312e+00,1.718770117396497199e+03,2.163177228915964811e-01,1.297347220372663479e+00,7.296679919484644339e-02,3.492394582953839942e-03,5.986782768769304532e-15,2.277354792154898940e-06
2.633124600629138877e+05,1.572725890288656725e+00,1.716006293735569443e+03,2.139402319690396348e-01,1.283161228761060757e+00,7.215773976081858720e-02,3.464550753905778352e-03,5.995545859335747687e-15,2.139043826092460982e-06
2.637500761075195624e+05,1.555490447729942938e+00,1.713242233046441015e+03,2.115853533912209483e-01,1.269109745529323652e+00,7.135642664489434683e-02,3.436913453330841823e-03,6.004754404949108608e-15,2.008711167074285944e-06
2.641876921521252370e+05,1.538418752201604400e+00,1.710477933051294031e+03,2.092529041405146450e-01,1.255191684625255544e+00,7.056279623178079996e-02,3.409481282332027345e-03,6.014413009391369450e-15,1.885921715395976590e-06
2.646253081967309699e+05,1.521509478182456521e+00,1.707713391457711168e+03,2.069427024304219542e-01,1.241405967264989751e+00,6.977678537273385162e-02,3.382252851627272263e-03,6.024526420277291661e-15,1.770262678037346474e-06
2.648441162190337782e+05,1.513115337463142307e+00,1.706331029341104113e+03,2.057958879300444133e-01,1.234562402273275072e+00,6.938661766857520674e-02,3.368714607338710657e-03,6.029755201838129197e-15,1.714983902729114250e-06
2.650629242413366446e+05,1.504761309104396760e+00,1.704948605958550843e+03,2.046545676996221474e-01,1.227751521899387521e+00,6.899833138143486588e-02,3.355226781444859124e-03,6.035099532061365210e-15,1.661342501236072945e-06
2.652817322636394529e+05,1.496447229925506495e+00,1.703566121019333650e+03,2.035187193592755961e-01,1.220973193323549255e+00,6.861191874705464822e-02,3.341789202940476881e-03,6.040560046192146792e-15,1.609292680600469822e-06
2.655005402859423193e+05,1.488172937300393572e+00,1.702183574231794410e+03,2.023883206050457462e-01,1.214227284174480337e+00,6.822737202960768577e-02,3.328401701403376715e-03,6.046137389054655662e-15,1.558789850285717378e-06
2.657193483082451276e+05,1.479938269149597030e+00,1.700800965303341627e+03,2.012633492078075848e-01,1.207513662522940567e+00,6.784468352127309698e-02,3.315064106976860908e-03,6.051832215076067455e-15,1.509790592744380070e-06
2.657478888110580738e+05,1.478867082580680448e+00,1.700620618351754274e+03,2.011170111030795016e-01,1.206640336245518697e+00,6.779490365273196928e-02,3.313328071407075498e-03,6.052583723062678659e-15,1.503507937000681414e-06
2.657764293138710200e+05,1.477796567060936317e+00,1.700440270337279344e+03,2.009707649112724981e-01,1.205767556766569770e+00,6.774515525135610394e-02,3.311592881682447892e-03,6.053337242637801350e-15,1.497250049299259502e-06
2.658049698166839080e+05,1.476726722232756694e+00,1.700259921259263592e+03,2.008246105833405293e-01,1.204895323794998641e+00,6.769543830014580765e-02,3.309858537428038427e-03,6.054092775290256660e-15,1.491016837564515888e-06
2.658335103194968542e+05,1.475657547738693509e+00,1.700079571117054229e+03,2.006785480702589497e-01,1.204023637039839167e+00,6.764575278210983866e-02,3.308125038269330714e-03,6.054850322512387195e-15,1.484808210041866388e-06
2.658363643697778462e+05,1.475550667143907146e+00,1.700061536044277545e+03,2.006639468668809656e-01,1.203936498395027810e+00,6.764078595847737574e-02,3.307951734819306478e-03,6.054926188093559708e-15,1.484188695898235965e-06
2.658392184200588963e+05,1.475443793248531366e+00,1.700043500960851588e+03,2.006493465811122756e-01,1.203849365209180844e+00,6.763581944898953979e-02,3.307778439816113584e-03,6.055002073836830512e-15,1.483569426590883327e-06
2.658420724703398882e+05,1.475336926052209563e+00,1.700025465866775903e+03,2.006347472129040854e-01,1.203762237482008057e+00,6.763085325362985789e-02,3.307605153259410291e-03,6.055077979743802572e-15,1.482950402028535591e-06
2.658449265206208802e+05,1.475230065554585357e+00,1.700007430762049808e+03,2.006201487622075730e-01,1.203675115213219682e+00,6.762588737238103831e-02,3.307431875148784169e-03,6.055153905815903726e-15,1.482331622120010507e-06
2.658452119256485603e+05,1.475219379873237147e+00,1.700005627250991438e+03,2.006186889675991292e-01,1.203666403286540509e+00,6.762539080153177895e-02,3.307414547802204046e-03,6.055161499532014669e-15,1.482269757581641500e-06
2.658454973306762404e+05,1.475208694258871800e+00,1.700003823739826430e+03,2.006172291821652076e-01,1.203657691414441677e+00,6.762489423382316012e-02,3.307397220540157865e-03,6.055169093450116603e-15,1.482207895488755715e-06
2.658457827357039205e+05,1.475198008711489761e+00,1.700002020228555011e+03,2.006157694059059471e-01,1.203648979596924073e+00,6.762439766925532059e-02,3.307379893362522028e-03,6.055176687569966558e-15,1.482146035841328376e-06
2.658459254382177605e+05,1.475192665962917093e+00,1.700001118472879398e+03,2.006150395212167037e-01,1.203644623708632677e+00,6.762414938814927112e-02,3.307371229805327467e-03,6.055180484705083390e-15,1.482115106934678114e-06
2.658460681407316006e+05,1.475187323231089920e+00,1.700000216717176954e+03,2.006143096388211811e-01,1.203640267833986366e+00,6.762390110782841302e-02,3.307362566269303472e-03,6.055184281890979198e-15,1.482084178639289814e-06
2.658462108432454406e+05,1.475181980516008240e+00,1.699999314970256592e+03,2.006135358107406230e-01,1.203635955914957645e+00,6.762360888456685204e-02,3.307397850451684017e-03,6.055340909833138696e-15,1.482055285632229065e-06
2.658463851037413697e+05,1.475175456307625588e+00,1.699998213817018723e+03,2.006126445240460354e-01,1.203630636794722930e+00,6.762330570006795660e-02,3.307387271262722528e-03,6.055345546758102043e-15,1.482017519974743154e-06
2.658465593642373569e+05,1.475168932124213628e+00,1.699997112663744019e+03,2.006117532407717396e-01,1.203625317694835717e+00,6.762300251673958318e-02,3.307376692105172544e-03,6.055350183757497572e-15,1.481979755228924098e-06
2.658491863213051693e+05,1.475070583830021098e+00,1.699980512899453288e+03,2.005983176616217001e-01,1.203545135336930416e+00,6.761843220456981163e-02,3.307217216326638343e-03,6.055420095078060229e-15,1.481410566439689420e-06
2.658518132783729816e+05,1.474972241210186885e+00,1.699963913126794296e+03,2.005848828596836775e-01,1.203464957602732088e+00,6.761386215848054493e-02,3.307057747699824329e-03,6.055490023433927406e-15,1.480841584741590414e-06
2.658583806710431818e+05,1.474726409484147682e+00,1.699922413658533060e+03,2.005512992548987850e-01,1.203264533494509125e+00,6.760243820727797337e-02,3.306659107419684246e-03,6.055664918860769852e-15,1.479420036053846328e-06
2.658649480637134402e+05,1.474480613216756053e+00,1.699880914137959508e+03,2.005177205068542634e-01,1.203064138279493545e+00,6.759101591879070059e-02,3.306260511831088465e-03,6.055839920782197618e-15,1.477999780132296934e-06
2.658715154563836986e+05,1.474234852403661922e+00,1.699839414565065226e+03,2.004841466149533680e-01,1.202863771954142402e+00,6.757959529281450106e-02,3.305861960929694105e-03,6.056015029217748419e-15,1.476580815868156833e-06
2.658780828490539570e+05,1.473989127040515879e+00,1.699797914939842030e+03,2.004505775785998534e-01,1.202663434514917640e+00,6.756817632913963978e-02,3.305463454710747158e-03,6.056190244184071956e-15,1.475163142153905673e-06
2.659109198124079849e+05,1.472761031821806954e+00,1.699590416028502204e+03,2.002828052091653321e-01,1.201662180486771092e+00,6.751110643807674283e-02,3.303471593694570167e-03,6.057067917628295221e-15,1.468094093121539947e-06
2.659142035087430850e+05,1.472638271016710743e+00,1.699569666065364572e+03,2.002660346449094686e-01,1.201562094780477929e+00,6.750540173335814464e-02,3.303272469003251492e-03,6.057155831566429227e-15,1.467388955886242930e-06
2.659174872050782433e+05,1.472515519067036482e+00,1.699548916089131353e+03,2.002492652935713158e-01,1.201462016289964518e+00,6.749969744387995796e-02,3.303073355475118211e-03,6.057243772167099419e-15,1.466684139493767726e-06
2.659207709014133434e+05,1.472392775972240830e+00,1.699528166099801410e+03,2.002324971550765720e-01,1.201361945014790100e+00,6.749399356961459373e-02,3.302874253109620416e-03,6.057331739432169087e-15,1.465979643806483552e-06
2.659240545977485017e+05,1.472270041731780443e+00,1.699507416097373607e+03,2.002157302293505192e-01,1.201261880954510586e+00,6.748829011053832094e-02,3.302675161906207333e-03,6.057419733364542027e-15,1.465275468686732942e-06
2.659243829673814471e+05,1.472257768794702049e+00,1.699505341096410348e+03,2.002140536034774376e-01,1.201251874945284515e+00,6.748771978746559430e-02,3.302655253399714667e-03,6.057428534224392519e-15,1.465205068800691065e-06
2.659247113370143925e+05,1.472245495946161054e+00,1.699503266095316121e+03,2.002123769897310723e-01,1.201241869008203844e+00,6.748714946854304786e-02,3.302635345004900028e-03,6.057437335351128065e-15,1.465134672118795257e-06
2.659250397066473379e+05,1.472233223186156792e+00,1.699501191094090927e+03,2.002107003881115066e-01,1.201231863143265466e+00,6.748657915377336003e-02,3.302615436721715713e-03,6.057446136744711590e-15,1.465064278640891993e-06
2.659253680762802833e+05,1.472220950514688820e+00,1.699499116092734766e+03,2.002090237986186849e-01,1.201221857350470490e+00,6.748600884315492099e-02,3.302595528550111847e-03,6.057454938404863047e-15,1.464993888366910334e-06
2.659254009132439969e+05,1.472219723252411239e+00,1.699498908592591988e+03,2.002088561403363165e-01,1.201220856775158552e+00,6.748595181232169837e-02,3.302593537739121395e-03,6.057455818585741595e-15,1.464986849515702877e-06
2.659254337502077105e+05,1.472218495991019394e+00,1.699498701092447845e+03,2.002086884821753510e-01,1.201219856200568925e+00,6.748589478152926258e-02,3.302591546929156598e-03,6.057456698768658559e-15,1.464979810696598604e-06
2.659254665871714242e+05,1.472217268730512618e+00,1.699498493592302339e+03,2.002085208241355663e-01,1.201218855626699611e+00,6.748583775077925118e-02,3.302589556120388327e-03,6.057457578954925815e-15,1.464972771909441238e-06
2.659254830056525534e+05,1.472216655100480498e+00,1.699498389842229244e+03,2.002084369951460940e-01,1.201218355339945143e+00,6.748580923541459831e-02,3.302588560716154028e-03,6.057458019047444131e-15,1.464969252527910540e-06
2.659254994241337408e+05,1.472216041470669756e+00,1.699498286092155695e+03,2.002083531661868754e-01,1.201217855053371419e+00,6.748578072005985418e-02,3.302587565312234148e-03,6.057458459140878316e-15,1.464965733154373926e-06
2.659255158426148701e+05,1.472215427841080171e+00,1.699498182342081918e+03,2.002082693372580213e-01,1.201217354766978440e+00,6.748575220471507430e-02,3.302586569908522868e-03,6.057458899234539692e-15,1.464962213788884126e-06
2.659255322610960575e+05,1.472214814211712186e+00,1.699498078592007687e+03,2.002081855083595041e-01,1.201216854480765095e+00,6.748572368938188237e-02,3.302585574505143354e-03,6.057459339329248675e-15,1.464958694431379941e-06
2.659255486795771867e+05,1.472214200582565358e+00,1.699497974841933228e+03,2.002081016794912960e-01,1.201216354194732272e+00,6.748569517405858531e-02,3.302584579102049635e-03,6.057459779424560348e-15,1.464955175081853112e-06
2.667464727634298615e+05,1.441808017543081188e+00,1.694310059049053052e+03,1.960543620259402320e-01,1.176426359128159627e+00,6.607283598552021742e-02,3.253161753294778625e-03,6.080304108362337250e-15,1.298650160231926935e-06
2.700301690988434129e+05,1.325549773769878037e+00,1.673549881374336337e+03,1.801744145531728458e-01,1.081639351120781134e+00,6.067294126056776982e-02,3.062271049892224123e-03,6.189116831196790795e-15,7.957854578994342620e-07
2.733138654342570226e+05,1.217489581613126148e+00,1.652775278496669443e+03,1.654172220180414321e-01,9.935329133726422679e-01,5.565711133245723752e-02,2.881853442295461733e-03,6.327927016074802477e-15,4.814476834508314059e-07
2.765975617696705740e+05,1.117130935518368728e+00,1.631985151005816988e+03,1.517146823638665376e-01,9.117027161884354580e-01,5.100186335382232011e-02,2.711386187379340000e-03,6.500057524802142453e-15,2.874248586398055515e-07
2.798812581050841836e+05,1.024002588188270169e+00,1.611178359795153256e+03,1.390021573353921458e-01,8.357649398494512161e-01,4.668495074696143998e-02,2.550371024942653907e-03,6.709585157888722961e-15,1.692315159234594104e-07
2.831649544404977350e+05,9.376575016800343665e-01,1.590353722676473808e+03,1.272183300522997385e-01,7.653554418796192360e-01,4.268529883476802206e-02,2.398332701177357477e-03,6.961504320326784869e-15,9.821216316997626072e-08
2.864486507759112865e+05,8.576718323566215885e-01,1.569510010692526748e+03,1.163050667066970745e-01,7.001289450347847332e-01,3.898294676831507571e-02,2.254817702383358179e-03,7.261936964546578113e-15,5.614443406670591161e-08
2.897323471113248961e+05,7.836439490452508094e-01,1.548645944090121702e+03,1.062072824504424334e-01,6.397582475385239498e-01,3.555899431424657670e-02,2.119393146940201991e-03,7.618402799655773041e-15,3.159508993308916992e-08
2.930160434467384475e+05,7.151934837119356958e-01,1.527760187912190304e+03,9.687281148990187218e-02,5.839334564783104087e-01,3.239555245647299936e-02,1.991645796809941599e-03,8.040168747248783773e-15,1.749043243483207132e-08
2.962997397821519990e+05,6.519604139320438474e-01,1.506851347161892363e+03,8.825228137023352626e-02,5.323612448267047714e-01,2.947569705753172800e-02,1.871181159966897774e-03,8.538703542783983852e-15,9.517598420183293594e-09
2.985138010074740741e+05,6.120977480334999221e-01,1.492739614980080660e+03,8.281918742535480937e-02,4.998483163570359156e-01,2.763636070109513898e-02,1.793877298853912249e-03,8.925217803650716438e-15,6.251151230088009295e-09
3.007278622327960911e+05,5.743522415620564425e-01,1.478616259871181455e+03,7.767572959454448200e-02,4.690611130094993753e-01,2.589579310196076997e-02,1.719601784696307353e-03,9.358297619954184012e-15,4.071346175574235014e-09
3.029419234581181663e+05,5.386280371040181869e-01,1.464480800580726282e+03,7.280876468018412928e-02,4.399215305126727982e-01,2.424949222683120062e-02,1.648247055589232473e-03,9.844068346617893111e-15,2.628730972739430137e-09
3.051559846834402415e+05,5.048328926674034989e-01,1.450332739312907279e+03,6.820564590437330765e-02,4.123544094446359720e-01,2.269312674505094204e-02,1.579708891185779883e-03,1.038969545960534868e-14,1.682147154382023363e-09
3.073700459087622585e+05,4.728780712518374507e-01,1.436171560715072474e+03,6.385420774393010812e-02,3.862874453725486656e-01,2.122253075194310834e-02,1.513886316892219808e-03,1.100358845530267693e-14,1.066512317219161538e-09
3.095841071340843337e+05,4.426782330552888056e-01,1.421996730788712966e+03,5.974275112588580544e-02,3.616511011147580112e-01,1.983369863406517219e-02,1.450681510806055546e-03,1.169565071760616580e-14,6.697619834545227542e-10
3.117981683594064089e+05,4.141513302707308108e-01,1.407807695720203583e+03,5.586002897761917912e-02,3.383785210939317389e-01,1.852278006958360534e-02,1.389999713107301993e-03,1.247758699852364191e-14,4.164765501652380432e-10
3.140122295847284258e+05,3.872185044291505673e-01,1.393603880624737030e+03,5.219523212609347707e-02,3.164054477507134422e-01,1.728607515830972094e-02,1.331749137671064129e-03,1.336328343857338593e-14,2.563494902603852916e-10
3.149651884523250628e+05,3.760979956681714254e-01,1.387485688016921813e+03,5.068233906316887277e-02,3.073325165428426042e-01,1.677573633224192437e-02,1.307403522546994774e-03,1.378045579707665726e-14,2.073572593670533798e-10
3.159181473199216998e+05,3.652528534286018091e-01,1.381364598023089002e+03,4.920708420637011360e-02,2.984840737465861982e-01,1.627821043704070006e-02,1.283484871194403827e-03,1.422136630651113334e-14,1.673961862083846780e-10
3.168711061875183368e+05,3.546773095764186867e-01,1.375240560837795101e+03,4.776867703270388371e-02,2.898554190928591123e-01,1.579322696464242545e-02,1.259986351333760527e-03,1.468762829620520622e-14,1.348648494754614397e-10
3.178240650551149738e+05,3.443656958115142164e-01,1.369113525790531412e+03,4.636634072590604949e-02,2.814419336388529480e-01,1.532052011388938990e-02,1.236901224416462296e-03,1.518098692334633569e-14,1.084341288730780074e-10
3.187770239227116108e+05,3.343124422803983031e-01,1.362983441321516921e+03,4.499931198588495718e-02,2.732390786381264092e-01,1.485982872495312038e-02,1.214222844415165006e-03,1.570333148412114352e-14,8.700296974786854323e-11
3.197299827903082478e+05,3.245120762036409201e-01,1.356850254956690378e+03,4.366684084019323286e-02,2.652423944226803276e-01,1.441089621446774334e-02,1.191944656622434930e-03,1.625670901610326460e-14,6.966098289617252258e-11
3.206829416579048266e+05,3.149592205183228133e-01,1.350713913281843361e+03,4.236819045756286262e-02,2.574474992972390908e-01,1.397347051138758157e-02,1.170060196459499820e-03,1.684333934167685855e-14,5.565688034270072768e-11
3.211043272114919964e+05,3.108126226104691026e-01,1.347999485612009948e+03,4.180454043066740566e-02,2.540639236941218959e-01,1.378365136687354116e-02,1.160507068425260541e-03,1.711396033325423825e-14,5.036393453333377685e-11
3.215257127650791081e+05,3.067129350824155942e-01,1.345284425604484568e+03,4.124729984800749177e-02,2.507185935306968649e-01,1.359601252613144157e-02,1.151029132007505215e-03,1.739177248925075898e-14,4.555492900501282667e-11
3.219470983186662779e+05,3.026597105504433283e-01,1.342568728457446696e+03,4.069640740810567814e-02,2.474111442354706702e-01,1.341053302086582348e-02,1.141625844796043728e-03,1.767700500650591238e-14,4.118743928440972031e-11
3.223684838722533896e+05,2.986525051436091371e-01,1.339852389330091682e+03,4.015180229175476651e-02,2.441412140985476376e-01,1.322719204836918586e-02,1.132296667696929297e-03,1.796989570626449391e-14,3.722259557830038442e-11
3.227898694258405012e+05,2.946908784816918980e-01,1.337135403342135760e+03,3.961342415898894131e-02,2.409084442536659210e-01,1.304596897048110847e-02,1.123041064912897293e-03,1.827069140204312059e-14,3.362479915280407985e-11
3.232112549794276711e+05,2.907743936528694451e-01,1.334417765573306269e+03,3.908121314601871454e-02,2.377124786600132711e-01,1.286684331253499548e-02,1.113858503922445994e-03,1.857964828489162392e-14,3.036146016714272714e-11
3.233073892412099522e+05,2.898871716143007760e-01,1.333797675984867737e+03,3.896065311211596022e-02,2.369884751135406253e-01,1.282626957309761576e-02,1.111773785867184840e-03,1.865130403613926428e-14,2.966066639759341597e-11
3.234035235029922915e+05,2.890022713837310797e-01,1.333177552155854755e+03,3.884041026453068091e-02,2.362663645540277746e-01,1.278580370056873507e-02,1.109692835609761737e-03,1.872340158656033868e-14,2.897538255517560925e-11
3.234996577647746308e+05,2.881196878485177693e-01,1.332557394026954398e+03,3.872048390277099683e-02,2.355461428151455761e-01,1.274544545537894570e-02,1.107615646898130928e-03,1.879594419538403161e-14,2.830528041250232742e-11
3.235957920265569119e+05,2.872394159052877871e-01,1.331937201538741874e+03,3.860087332761762136e-02,2.348278057381163186e-01,1.270519459839582720e-02,1.105542213489120853e-03,1.886893515002221450e-14,2.765003836268897710e-11
3.236919262883392512e+05,2.863614504598372967e-01,1.331316974631681433e+03,3.848157784111028157e-02,2.341113491716312611e-01,1.266505089091950718e-02,1.103472529147942784e-03,1.894237776631637808e-14,2.700934129255725507e-11
3.237015397145176539e+05,2.862737805768238997e-01,1.331254950045643227e+03,3.846966559550210607e-02,2.340398067834658369e-01,1.266104240421809211e-02,1.103265766672817654e-03,1.894974699785437295e-14,2.694605961826966168e-11
3.237111531406959984e+05,2.861861337028518970e-01,1.331192925114760328e+03,3.845775649311655719e-02,2.339682831548230146e-01,1.265703498639059524e-02,1.103059041619864006e-03,1.895712078279082554e-14,2.688291999590768297e-11
3.237207665668744012e+05,2.860985098328422960e-01,1.331130899838973164e+03,3.844585053325773327e-02,2.338967782815635499e-01,1.265302863719927964e-02,1.102852353982898635e-03,1.896449912449000988e-14,2.681992212081637926e-11
3.237303799930527457e+05,2.860109089617383638e-01,1.331068874218222390e+03,3.843394771523273024e-02,2.338252921595667111e-01,1.264902335640715088e-02,1.102645703755771728e-03,1.897188202632199655e-14,2.675706568896318349e-11
3.237313413356709061e+05,2.860021501393685828e-01,1.331062671637171889e+03,3.843275760620382120e-02,2.338181445785240953e-01,1.264862288708052014e-02,1.102625040790323465e-03,1.897262056744054723e-14,2.675078781346953495e-11
3.237323026782890083e+05,2.859933915469317633e-01,1.331056469052671218e+03,3.843156752858555014e-02,2.338109971849486046e-01,1.264822242843518206e-02,1.102604378198937746e-03,1.897335915419879074e-14,2.674451134907003682e-11
3.237332640209071105e+05,2.859846331844229095e-01,1.331050266464720153e+03,3.843037748237725093e-02,2.338038499788357705e-01,1.264782198047110715e-02,1.102583715981561227e-03,1.897409778659802395e-14,2.673823629546241276e-11
3.237337446922161616e+05,2.859802540893900402e-01,1.331047165169450636e+03,3.842978247105166556e-02,2.338002764460767879e-01,1.264762176049434930e-02,1.102573385013118096e-03,1.897446711991377808e-14,2.673509929761130055e-11
3.237342253635252127e+05,2.859758750518371917e-01,1.331044063873318692e+03,3.842918746757826437e-02,2.337967029601818181e-01,1.264742154318795712e-02,1.102563054138200197e-03,1.897483646464251303e-14,2.673196265234360446e-11
3.237347060348343221e+05,2.859714960717638643e-01,1.331040962580117593e+03,3.842859247196506872e-02,2.337931295211426452e-01,1.264722132855963625e-02,1.102552723348757110e-03,1.897520581926443780e-14,2.672882636345919189e-11
3.237354523089170689e+05,2.859646975286969095e-01,1.331036147644136463e+03,3.842766871743801688e-02,2.337875816128552053e-01,1.264691048742389197e-02,1.102536684236864314e-03,1.897577927778210909e-14,2.672395779487517939e-11
3.237373056697525899e+05,2.859478140451406913e-01,1.331024190012346025e+03,3.842537466879445557e-02,2.337738039514815069e-01,1.264613854624725177e-02,1.102496851886611718e-03,1.897720349235079146e-14,2.671187065294204206e-11
3.237419390718407813e+05,2.859056090745891732e-01,1.330994297128800554e+03,3.841964006051684644e-02,2.337393628433124260e-01,1.264420886961184834e-02,1.102397274447413549e-03,1.898076426998270622e-14,2.668167697117945766e-11
3.237465724739289726e+05,2.858634094441029339e-01,1.330964405953800906e+03,3.841390618551166619e-02,2.337049260851806198e-01,1.264227944482280291e-02,1.102297701917345990e-03,1.898432539208623794e-14,2.665151779065615191e-11
3.237512058760171640e+05,2.858212151531704937e-01,1.330934516487437804e+03,3.840817304370851976e-02,2.336704936766699492e-01,1.264035027185551364e-02,1.102198134296153821e-03,1.898788685850889665e-14,2.662139307176929231e-11
3.237558392781054135e+05,2.857790262012802618e-01,1.330904628729802198e+03,3.840244063503679001e-02,2.336360656173638306e-01,1.263842135068555909e-02,1.102098571583690024e-03,1.899144866910146774e-14,2.659130277495885300e-11
3.237790062885449152e+05,2.855681615095604364e-01,1.330755215575713919e+03,3.837378958618208047e-02,2.334639905443285923e-01,1.262878052094392606e-02,1.101600831645428626e-03,1.900926287936687863e-14,2.644136624063160755e-11
3.238021732989844750e+05,2.853574302171810739e-01,1.330605845153425207e+03,3.834515685503744886e-02,2.332920241389575544e-01,1.261914598247803818e-02,1.101103214396664896e-03,1.902708567135010201e-14,2.629228435029029113e-11
3.238253403094240348e+05,2.851468322602300209e-01,1.330456517474272687e+03,3.831654243279172117e-02,2.331201663492226406e-01,1.260951773223879281e-02,1.100605719813777970e-03,1.904491702620340493e-14,2.614405220977918398e-11
3.239411753616203787e+05,2.840958402711478703e-01,1.329710520621751357e+03,3.817374464680953206e-02,2.322625048150744054e-01,1.256147069776360550e-02,1.098120086065712889e-03,1.913420157937296336e-14,2.541546841076077889e-11
3.245203506225991878e+05,2.788905782048683446e-01,1.325996618556710018e+03,3.746657979154316420e-02,2.280146814279546130e-01,1.232357915596719693e-02,1.085737807314739829e-03,1.958374330229271219e-14,2.206905582562472622e-11
3.250995258835779969e+05,2.737674182004503631e-01,1.322309647813013953e+03,3.677068804998576135e-02,2.238337394446103523e-01,1.208955892911280257e-02,1.073431757553522208e-03,2.003824960962156156e-14,1.916788317233420078e-11
3.274162269274917780e+05,2.540761536804991838e-01,1.307834455221222925e+03,3.409714281518386875e-02,2.077627943925155485e-01,1.119125284235282167e-02,1.024963619487091011e-03,2.189874717818677011e-14,1.093792640144023450e-11
3.295150393154766061e+05,2.373054807372309838e-01,1.295103712558258394e+03,3.182160782339514549e-02,1.940740059185852850e-01,1.042765504626808927e-02,9.822119423510188106e-04,2.363832880115461024e-14,6.607825188652763198e-12
3.316138517034613760e+05,2.215040807446147786e-01,1.282744390444201599e+03,2.967921494078760297e-02,1.811747447411429235e-01,9.709815878703708866e-03,9.403051799414935668e-04,2.538143724226967413e-14,4.013654974480190506e-12
3.337126640914461459e+05,2.066280767695809206e-01,1.270762749127758980e+03,2.766377464468430802e-02,1.690294330953899526e-01,9.035501480725686291e-03,8.993675463012271122e-04,2.711104388213359950e-14,2.452654640985065307e-12
3.358114764794309158e+05,1.926347316079300709e-01,1.259164210336177348e+03,2.576938065399054026e-02,1.576032949037504960e-01,8.402658484876158670e-03,8.593975637749614194e-04,2.879450116535503413e-14,1.509091496179964863e-12
3.379102888674156857e+05,1.794824543770915659e-01,1.247953284557927418e+03,2.399028173482163281e-02,1.468624902463658288e-01,7.809285226192804949e-03,8.203971687451980981e-04,3.039581468566696013e-14,9.357076390375244958e-13
3.400091012554004556e+05,1.671308077775122414e-01,1.237133505424360465e+03,2.232088303091658843e-02,1.367741209431380389e-01,7.253432417837749405e-03,7.823713850028545967e-04,3.187670647186437522e-14,5.851456706003969815e-13
3.421079136433852836e+05,1.555405157916043557e-01,1.226707372893160937e+03,2.075574752657938921e-02,1.273062364196834162e-01,6.733203919866622214e-03,7.453279250723928752e-04,3.319799910754358380e-14,3.693417847240205286e-13
3.442067260313700535e+05,1.446734715537653648e-01,1.216676306815208136e+03,1.928959759925182038e-02,1.184278396464533423e-01,6.246757582239387263e-03,7.092767255510162979e-04,3.432126998308534946e-14,2.354827248403277675e-13
3.463055384193548234e+05,1.344927450938036284e-01,1.207040612277455693e+03,1.791731661133387499e-02,1.101088929180698284e-01,5.792306138513631658e-03,6.742294256993224032e-04,3.521068902858025194e-14,1.517616793198177753e-13
3.484043508073395933e+05,1.249625906309614898e-01,1.197799457861335441e+03,1.663380845675158787e-02,1.023204652501028683e-01,5.367976094811605613e-03,6.403408291606808552e-04,3.585813340633974667e-14,9.888296534752563522e-14
3.505031631953243632e+05,1.160484530782693036e-01,1.188950867646908591e+03,1.543457606830589586e-02,9.503416006335438371e-02,4.972385650767826085e-03,6.073312957397775189e-04,3.619208640470769925e-14,6.523762884708726443e-14
3.526019755833091331e+05,1.077169734086042135e-01,1.180491727439350825e+03,1.431484333506476830e-02,8.822299837452955706e-02,4.603766133144608641e-03,5.753655657854720665e-04,3.621855974007554746e-14,4.358334779124960665e-14
3.547007879712939612e+05,9.993599253564337814e-02,1.172417805311572920e+03,1.327015221698647079e-02,8.186082537597172415e-02,4.260558760569948394e-03,5.444561820498024446e-04,3.592957397964751394e-14,2.949781606324357445e-14
3.567996003592787310e+05,9.267455337541417870e-02,1.164723786162544229e+03,1.229621208734001103e-02,7.592246305567423859e-02,3.941263800099218187e-03,5.146144322451490054e-04,3.532699582631099523e-14,2.023371863002407643e-14
3.588984127472635009e+05,8.590290077748138908e-02,1.157403319603485670e+03,1.138890026635713988e-02,7.038370959812588479e-02,3.644441107069892449e-03,4.858498058799904555e-04,3.442267500058971888e-14,1.407068736136314332e-14
3.609972251352482708e+05,7.959247904846648847e-02,1.150449080123289377e+03,1.054426216690453923e-02,6.522133688123085693e-02,3.368710494036363922e-03,4.581695062515692271e-04,3.323797431179577481e-14,9.922309971519976509e-15
3.628199358264969778e+05,7.446515473641653060e-02,1.144700447460037822e+03,9.858644334344409538e-03,6.102615689645789904e-02,3.145339609731170535e-03,4.350138958436282192e-04,3.200459605127331632e-14,7.410333178165434619e-15
3.646426465177456266e+05,6.964784282550956496e-02,1.139215932581684001e+03,9.215058597029028575e-03,5.708405153463181475e-02,2.936052074381318138e-03,4.126806194312051266e-04,3.060599539514754301e-14,5.593865215984336291e-15
3.664653572089943336e+05,6.512401800071548896e-02,1.133989212249696266e+03,8.611221357240487692e-03,5.338157363087046164e-02,2.740054107564279980e-03,3.911689050069267729e-04,2.906903927739679574e-14,4.268190970089700056e-15
3.682880679002430406e+05,6.087781799833254931e-02,1.129013583433152235e+03,8.044942629310953414e-03,4.990581357944874619e-02,2.556585764417231444e-03,3.704760251249038477e-04,2.742257952178100581e-14,3.291728395765306543e-15
3.701107785914917476e+05,5.689403572360633016e-02,1.124282010741636668e+03,7.514125002764267085e-03,4.664439286726824313e-02,2.384920609403939646e-03,3.505972441416254455e-04,2.569638799737008348e-14,2.565821480649541442e-15
3.719334892827403964e+05,5.315811007877656313e-02,1.119787174855949161e+03,7.016762389753974059e-03,4.358545659546193829e-02,2.224365290637723373e-03,3.315258028969819671e-04,2.392011930030970481e-14,2.021200341134870410e-15
3.737561999739891035e+05,4.965611553327483468e-02,1.115521521239719505e+03,6.550938563039000913e-03,4.071766501309088265e-02,2.074259018141802469e-03,3.132529389794153009e-04,2.212235618132468670e-14,1.608852538664869522e-15
3.755789106652378105e+05,4.637475048554141888e-02,1.111477308454366721e+03,6.114825494032322811e-03,3.803018410048698145e-02,1.933972951122417969e-03,2.957679398780687133e-04,2.032978260747835869e-14,1.293829289893088139e-15
3.774016213564864593e+05,4.330132448199260770e-02,1.107646655453596850e+03,5.706681503357817140e-03,3.551267525218734095e-02,1.802909500782369674e-03,2.790582256454614057e-04,1.856651645327436997e-14,1.051015618351656075e-15
3.792243320477351663e+05,4.042374437286575667e-02,1.104021587298988607e+03,5.324849238816927594e-03,3.315528412045241208e-02,1.680501556388624886e-03,2.631094571900818315e-04,1.685361984858626220e-14,8.622225447100298889e-16
3.810470427389838733e+05,3.773049949649985579e-02,1.100594078811712961e+03,4.967753497628859226e-03,3.094862868965987668e-02,1.566211643203522207e-03,2.479056659916747105e-04,1.520879158286473465e-14,7.141746521170426193e-16
3.828697534302325803e+05,3.521064599316215543e-02,1.097356095754088301e+03,4.633898911282957091e-03,2.888378665948460738e-02,1.459531021502814959e-03,2.334294008775296620e-04,1.364623385654126162e-14,5.971078431031176369e-16
3.846924641214812291e+05,3.285379035671349979e-02,1.094299633215667200e+03,4.321867512331242604e-03,2.695228222062269127e-02,1.359978736245330945e-03,2.196618875015547061e-04,1.217667592339071866e-14,5.037855741494869090e-16
3.867909005182564724e+05,3.032945546784530585e-02,1.090995274319397140e+03,3.987915626977606848e-03,2.488327157308528950e-02,1.253604828753089769e-03,2.046634390182944035e-04,1.060946990611238699e-14,4.187899926719550605e-16
3.888893369150316576e+05,2.799391003989450469e-02,1.087909033363531535e+03,3.679180024162427478e-03,2.296875693205229288e-02,1.155427146774917193e-03,1.905459368953351025e-04,9.181577974446688980e-15,3.520565597517895740e-16
3.909877733118068427e+05,2.583382135529161197e-02,1.085029184185788154e+03,3.393851040218806830e-03,2.119785629301208438e-02,1.064838019658847276e-03,1.772760023936756997e-04,7.894654829931386183e-15,2.991512504442803101e-16
3.930862097085820278e+05,2.383668871791096849e-02,1.082344278219588432e+03,3.130235058053287313e-03,1.956036362196291942e-02,9.812708135649847105e-04,1.648192243227739745e-04,6.746454851019833578e-15,2.568173702554756909e-16
3.951846461053572712e+05,2.199080585388829209e-02,1.079843186891903315e+03,2.886748979333114782e-03,1.804671859184672073e-02,9.041977933558489281e-04,1.531404893466563365e-04,5.731642983619763642e-15,2.226405985899900627e-16
3.972830825021324563e+05,2.028522320752277480e-02,1.077515136628562459e+03,2.661914701341643649e-03,1.664797621444360359e-02,8.331279986135185040e-04,1.422042931189711483e-04,4.842582449107792246e-15,1.948147933265489363e-16
3.993815188989076414e+05,1.870971038715928819e-02,1.075349736839664274e+03,2.454353638044640389e-03,1.535577657082462175e-02,7.676051503462171183e-04,1.319750279395695179e-04,4.070059350864655285e-15,1.719768061899360263e-16
4.014799552956828265e+05,1.725471899270122900e-02,1.073337001347740625e+03,2.262781320383874979e-03,1.416231482585843075e-02,7.072056025170307637e-04,1.224172439383336343e-04,3.403918192473663712e-15,1.530889654271338921e-16
4.035783916924580699e+05,1.591134603134640099e-02,1.071467363784689269e+03,2.086002106163454758e-03,1.306031169306619104e-02,6.515363501347482119e-04,1.134958819790370284e-04,2.833594734721429446e-15,1.373547602038531795e-16
4.056768280892332550e+05,1.467129810217495528e-02,1.069731687523020355e+03,1.922904025269195826e-03,1.204298449602824415e-02,6.002331033629655773e-04,1.051764775120778633e-04,2.348542789519050427e-15,1.241578427291625635e-16
4.078172655811236473e+05,1.350487575754854078e-02,1.068090258651422118e+03,1.769564851093600923e-03,1.108598399062240072e-02,5.520511488936301900e-04,9.727576693686626138e-05,1.931052180694936851e-15,1.128128136573058255e-16
4.099577030730140395e+05,1.243031500783468857e-02,1.066570387140220873e+03,1.628367658795052287e-03,1.020428630781454807e-02,5.077295191782749736e-04,8.993152204512742649e-05,1.581457707602465028e-15,1.032078924501714304e-16
4.120981405649044318e+05,1.144055313256058144e-02,1.065163773067717329e+03,1.498369788095705061e-03,9.392110969541678234e-03,4.669622838953456194e-04,8.311009102646843560e-05,1.290340468106796240e-15,9.502789247504760014e-17
4.142385780567948241e+05,1.052904215000453718e-02,1.063862577766173217e+03,1.378698505503746100e-03,8.644097560590709162e-03,4.294670339374248103e-04,7.677904997151999578e-05,1.049165778067430428e-15,8.802264499567910366e-17
4.163790155486852746e+05,9.689715605280244115e-03,1.062659413966228612e+03,1.268546335023475495e-03,7.955278782832232720e-03,3.949832062964558931e-04,7.090728112714888068e-05,8.503183709492784109e-16,8.199218251128061590e-17
4.185194530405756668e+05,8.916956869308476086e-03,1.061547333511369288e+03,1.167166621003075866e-03,7.321054715559259865e-03,3.632705048745291836e-04,6.546502787084797453e-05,6.870935911331137231e-16,7.677557591532983587e-17
4.206598905324660591e+05,8.205568974636173740e-03,1.060519813139262396e+03,1.073869324112219567e-03,6.737168305650380849e-03,3.341074158722243982e-04,6.042392900072199254e-05,5.536573231688747637e-16,7.224246382816667806e-17
4.228003280243564514e+05,7.550745996419126228e-03,1.059570738776093549e+03,9.880170490170437844e-04,6.199682096906301322e-03,3.072898155721498319e-04,5.575703492311783214e-05,4.449853310992985876e-16,6.828657991161219897e-17
4.249407655162468436e+05,6.948045971677359149e-03,1.058694388739374517e+03,9.090213002995172235e-04,5.704956195453103965e-03,2.826296676859975897e-04,5.143880823831921282e-05,3.567905791815511109e-16,6.482077341538945643e-17
4.270812030081372359e+05,6.393365336930420008e-03,1.057885416195228800e+03,8.363389615031062473e-04,5.249627457394005249e-03,2.599538069404285358e-04,4.744511109253323432e-05,2.854451343643707129e-16,6.177315335647037978e-17
4.292216405000276281e+05,5.882914853622368476e-03,1.057138831169200103e+03,7.694689908731010579e-04,4.830589876021856334e-03,2.391028052279532603e-04,4.375318149917069294e-05,2.279015089936409134e-16,5.908408383297274248e-17
4.313620779919180786e+05,5.413196981909737006e-03,1.056449982365692904e+03,7.079493263257676579e-04,4.444976138527140068e-03,2.199299164114603355e-04,4.034160064512975596e-05,1.816168337110608732e-16,5.670382821720170800e-17
4.335025154838084709e+05,4.980984656357995664e-03,1.055814539010349790e+03,6.513539914068220034e-04,4.090140316220115119e-03,2.023000957308927609e-04,3.719025299996736562e-05,1.444820624468488264e-16,5.459069112775307465e-17
4.360722023585892748e+05,4.507459274781990682e-03,1.055116550211683716e+03,5.893624851158068591e-04,3.701373979201185837e-03,1.829986260427762931e-04,3.372418442206022172e-05,1.095574801461831705e-16,5.235751164301021947e-17
4.386418892333700787e+05,4.079001141212479711e-03,1.054483313108647280e+03,5.332832110882886230e-04,3.349595782962582705e-03,1.655464121825710373e-04,3.057573497890430064e-05,8.290315864206122174e-17,5.040828369683061160e-17
4.412115761081508826e+05,3.691337551721198505e-03,1.053908946128183288e+03,4.825534961034230849e-04,3.031301132353177163e-03,1.497659807396040576e-04,2.771694252488282115e-05,6.261665725264161191e-17,4.870123002791346269e-17
4.437812629829317448e+05,3.340595531515238529e-03,1.053388076163097594e+03,4.366636817366020698e-04,2.743312927214467019e-03,1.354968360630167833e-04,2.512208650105822298e-05,4.721498754588372115e-17,4.720171184797806420e-17
4.463509498577125487e+05,3.023265619020732917e-03,1.052915799551070450e+03,3.951522564639722520e-04,2.482751955654485723e-03,1.225938573629569935e-04,2.276754953923645046e-05,3.554803895162794304e-17,4.588083866975191885e-17
4.489206367324933526e+05,2.736168699244440321e-03,1.052487645111129041e+03,3.576014087880716782e-04,2.247009768966397401e-03,1.109258419293839704e-04,2.063167956051575893e-05,2.672793314733582109e-17,4.471437883417572709e-17
4.514903236072741565e+05,2.476425673533386596e-03,1.052099539319745418e+03,3.236329700218504085e-04,2.033723866910119946e-03,1.003741822976520832e-04,1.869465430370046476e-05,2.007203280475935421e-17,4.368189999945816215e-17
4.540600104820549604e+05,2.241429759273434134e-03,1.051747773657739117e+03,2.929047167108620180e-04,1.840755026844825316e-03,9.083166595368133151e-05,1.693834976400741216e-05,1.505741552518979148e-17,4.276608669597242263e-17
4.566296973568358226e+05,2.028821221153385198e-03,1.051428974118862016e+03,2.651070041761353436e-04,1.666166616394348064e-03,8.220138694535517358e-05,1.534621363749346355e-05,1.128481467182372748e-17,4.195219511411639842e-17
4.591993842316166265e+05,1.836464344881450763e-03,1.051140072839778668e+03,2.399597042615961545e-04,1.508205736541247356e-03,7.439575953319804962e-05,1.390314454536001954e-05,8.450269359868448892e-18,4.122761492621002920e-17
4.617690711063974304e+05,1.662426474269124892e-03,1.050878281787635160e+03,2.172094220205292271e-04,1.365286049940609868e-03,6.733562476002870974e-05,1.259537754791024671e-05,6.322979456090908255e-18,4.058151509795584429e-17
4.643387579811782343e+05,1.504958943062966294e-03,1.050641068424298965e+03,1.966269677367798552e-04,1.235972157545796399e-03,6.094944153692514750e-05,1.141037624342054800e-05,4.728105661885158428e-18,4.000455599419677290e-17
4.669084448559590383e+05,1.362479743543745661e-03,1.050426133254451315e+03,1.780050623183999123e-04,1.118965395123716925e-03,5.517255452574031463e-05,1.033673157584551204e-05,3.533477217483110778e-18,3.948865410889910732e-17
4.694781317307399004e+05,1.233557784514825641e-03,1.050231389157090234e+03,1.611562557016563548e-04,1.013090929729687679e-03,4.994653174274919685e-05,9.364067340690954798e-06,2.639364820675737792e-18,3.902678879750131634e-17
4.720478186055207043e+05,1.116898601708847744e-03,1.050054942395765011e+03,1.459110394454759716e-04,9.172860445765267275e-04,4.521856541194365758e-05,8.482952274860848285e-06,1.970642658602054810e-18,3.861284271180541213e-17
4.745272047304469743e+05,1.014865124137589959e-03,1.049900429714076608e+03,1.325778910794017955e-04,8.334915793343278040e-04,4.108410641228480147e-05,7.711547311535808455e-06,1.486009248098919694e-18,3.825385178309986358e-17
4.770065908553732443e+05,9.222044207228009263e-04,1.049759949449852911e+03,1.204701359923354112e-04,7.573938433201328870e-04,3.733005098806515962e-05,7.010390422228364343e-06,1.120226959929545822e-18,3.793027262522497673e-17
4.794859769802995143e+05,8.380518049604733077e-04,1.049632226526298155e+03,1.094746193657869727e-04,6.882828797752045319e-04,3.392119895626520917e-05,6.373106863178125979e-06,8.442696578767266548e-19,3.763838210017680953e-17
4.819653631052257260e+05,7.616225279125255366e-04,1.049516101124907436e+03,9.948866553440808159e-05,6.255143468814953990e-04,3.082562262449376178e-05,5.793892872090270946e-06,6.361579966169086913e-19,3.737488636768061734e-17
4.844447492301519960e+05,6.922044032486046215e-04,1.049410518437740166e+03,9.041910801283366543e-05,5.685034673714155912e-04,2.801436169715751181e-05,5.267466167160234655e-06,4.792629064290597532e-19,3.713686520537407117e-17
4.869241353550782660e+05,6.291511060161211148e-04,1.049314519294848878e+03,8.218140868438699614e-05,5.167195303105001679e-04,2.546114660443366998e-05,4.789020416762921475e-06,3.610127554449739060e-19,3.692172452953172687e-17
4.894035214800045360e+05,5.718760851400464052e-04,1.049227231599085826e+03,7.469885811513002848e-05,4.696808959757924626e-04,2.314214762662335830e-05,4.354183422463576859e-06,2.719097082326119335e-19,3.672715575884725780e-17
4.918829076049308060e+05,5.198470346872970192e-04,1.049147862504430122e+03,6.790184964800559701e-05,4.269504588528095319e-04,2.103574742392943719e-05,3.958978762515718929e-06,2.047823961645958132e-19,3.655110091121046095e-17
4.943622937298570760e+05,4.725808736010319059e-04,1.049075691277929309e+03,6.172722057008987598e-05,3.881315275816039478e-04,1.912233479893547683e-05,3.599790650366087214e-06,1.542188450822459939e-19,3.639172252211499679e-17
4.968416798547833459e+05,4.296391879323850378e-04,1.049010062789291624e+03,5.611765423403785344e-05,3.528640842087651117e-04,1.738411771744774662e-05,3.273331772097948897e-06,1.161366649257547185e-19,3.624737763356037086e-17
4.993210659797096159e+05,3.906240935875640282e-04,1.048950381576018572e+03,5.102113755558836442e-05,3.208213883599578503e-04,1.580495379440832173e-05,2.976613877573198900e-06,8.745760097741156948e-20,3.611659523204342779e-17
5.018004521046358859e+05,3.551744812846198353e-04,1.048896106435699949e+03,4.639046880545159325e-05,2.917068949507554054e-04,1.437019661659712824e-05,2.706920911779666317e-06,6.586132409883868667e-20,3.599805661955408574e-17
5.042798382295621559e+05,3.229626087949985600e-04,1.048846745500678026e+03,4.218281106900121020e-05,2.652514568166777320e-04,1.306655642414975529e-05,2.461784485133917420e-06,4.959931222386635376e-20,3.589057828748459265e-17
5.067592243544884259e+05,2.936910086488689516e-04,1.048801851753697974e+03,3.835928716381576027e-05,2.412107861813648309e-04,1.188197380971941143e-05,2.238961493933094931e-06,3.735425343958067145e-20,3.579309693366105433e-17
5.092386104794146377e+05,2.670896823287236639e-04,1.048761018946391459e+03,3.488461218607264797e-05,2.193631512095503132e-04,1.080550521852966940e-05,2.036413714535250795e-06,2.813390078202520457e-20,3.570465632044734283e-17
5.117179966043409077e+05,2.429135545809895671e-04,1.048723877885480306e+03,3.172676020478636263e-05,1.995072860234861178e-04,9.827219145685894250e-06,1.852289206995497550e-06,2.119097894759209631e-20,3.562439571956611594e-17
5.141973827292671776e+05,2.209401638579064190e-04,1.048690093054430463e+03,2.885666194044673004e-05,1.814604945118726000e-04,8.938102029884706934e-06,1.684905375666817869e-06,1.596277653460745184e-20,3.555153972852843352e-17
5.166767688541934476e+05,2.009675670785228136e-04,1.048659359540952892e+03,2.624793055418815689e-05,1.650569300427144322e-04,8.129972936004961241e-06,1.532733545579713355e-06,1.202560353152728544e-20,3.548538927634298705e-17
5.191561549791197176e+05,1.828124388843022433e-04,1.048631400243211601e+03,2.387661293746924952e-05,1.501460348187957775e-04,7.395406203812543575e-06,1.394384924189240598e-06,9.060467691524198671e-21,3.542531366330198902e-17
5.216355411040459876e+05,1.663083473766208435e-04,1.048605963329898032e+03,2.172096413249638923e-05,1.365911240988897817e-04,6.727661316923959468e-06,1.268597828275344762e-06,6.827213659567867912e-21,3.537074350238748640e-17
5.241149272289722576e+05,1.513041899745506036e-04,1.048582819931452605e+03,1.976124273226746866e-05,1.242681018609024407e-04,6.120619315964108333e-06,1.154226065381259376e-06,5.145043063978672096e-21,3.532116444883675820e-17
5.265943133538984694e+05,1.376627745350354575e-04,1.048561762041669454e+03,1.797952530798177723e-05,1.130642957156929407e-04,5.568725143156480000e-06,1.050228368169005212e-06,3.877844104152201978e-21,3.527611162047317921e-17
5.290736994788247393e+05,1.252595322462389863e-04,1.048542600610730460e+03,1.635953809236568226e-05,1.028774000023735882e-04,5.066935362998107082e-06,9.556587884663799604e-07,2.923145025699790554e-21,3.523516462481260937e-17
5.315530856037510093e+05,1.139813500499599574e-04,1.048525163812366600e+03,1.488650431177344757e-05,9.361451701683522989e-05,4.610670755728807124e-06,8.696579655872780084e-07,2.203797407395206444e-21,3.519794312043807098e-17
5.340324717286772793e+05,1.037255114812027427e-04,1.048509295469378458e+03,1.354700570918974080e-05,8.519128725372749603e-05,4.195773327501846734e-06,7.914451907485023476e-07,1.661715303945454656e-21,3.516410284977954053e-17
5.365118578536035493e+05,9.439873584207793028e-05,1.048494853623134077e+03,1.232885693581831173e-05,7.753110038617850956e-05,3.818467323942191272e-06,7.203111961037816200e-07,1.253162391599725108e-21,3.513333208868075149e-17
5.389912439785298193e+05,8.591630656223740985e-05,1.048481709233955598e+03,1.122099161201320215e-05,7.056437947453496286e-05,3.475323872557215738e-06,6.556116030969499854e-07,9.452045421288544271e-22,3.510534846519644847e-17
5.414706301034560893e+05,7.820128044734509420e-05,1.048469745000462353e+03,1.021335897001784989e-05,6.422793159215866015e-05,3.163228914603879978e-06,5.967609705296159559e-07,7.130396970767612359e-22,3.507989610604882375e-17
5.439500162283823593e+05,7.118377028828646994e-05,1.048458854287023769e+03,9.296830092349111377e-06,5.846435868906472522e-05,2.879354118863847525e-06,5.432273879737285079e-07,5.379880895458730043e-22,3.505674307435466534e-17
5.464294023533086292e+05,6.480029400393066030e-05,1.048448940149443615e+03,8.463112851637318227e-06,5.322152308866146767e-05,2.621130498632166178e-06,4.945275649646665797e-07,4.059794816126161060e-22,3.503567906672406034e-17
5.489087884782348992e+05,5.899318412569304776e-05,1.048439914449891148e+03,7.704674741166195345e-06,4.845206253430142987e-05,2.386224479373307839e-06,4.502223708171042940e-07,3.064144703049590778e-22,3.501651334161404244e-17
5.513881746031611692e+05,5.371005200876225225e-05,1.048431697052913705e+03,7.014672861030239567e-06,4.411295017557062358e-05,2.172516188186458438e-06,4.099127839399291479e-07,2.313073241418211025e-22,3.499907285420454534e-17
5.538675607280874392e+05,4.890330167801110650e-05,1.048424215095101772e+03,6.386890393455048951e-06,4.016509531361757982e-05,1.978079757686293100e-06,3.732362132171929056e-07,1.746407053841053436e-22,3.498320057592743473e-17
5.563469468530137092e+05,4.452968869119100303e-05,1.048417402321655118e+03,5.815678963056862266e-06,3.657298111435358651e-05,1.801165456351208085e-06,3.398631573943822372e-07,1.318798653670695102e-22,3.496875397929442197e-17
5.588263329779399792e+05,4.054991983246867122e-05,1.048411198483718408e+03,5.295906334242747661e-06,3.330433585169416416e-05,1.640183475008167799e-06,3.094941714886340804e-07,9.960686982170021222e-23,3.495560367089024427e-17
5.613057191028662492e+05,3.692828983976187418e-05,1.048405548790907233e+03,4.822908949109688416e-06,3.032983456348158888e-05,1.493689215084505659e-06,2.818571120511450305e-07,7.524517150645076733e-23,3.494363215728337312e-17
5.637851052277925191e+05,3.363235172336190792e-05,1.048400403413962977e+03,4.392448855578595875e-06,2.762282829335865924e-05,1.360369938718170581e-06,2.567046356715493142e-07,5.685219233968473507e-23,3.493273273030839975e-17
5.662644913527187891e+05,3.063261755435713995e-05,1.048395717032934272e+03,4.000674617541855674e-06,2.515909835541404779e-05,1.239032653917921651e-06,2.338119274483897047e-07,4.296310413559600938e-23,3.492280845965662720e-17
5.687438774776450591e+05,2.790228689245191829e-05,1.048391448426705665e+03,3.644085836914700978e-06,2.291663329739159104e-05,1.128593119835086614e-06,2.129746382756220031e-07,3.247315589732884279e-23,3.491377128201442416e-17
5.712232636025712127e+05,2.541700028668858474e-05,1.048387560100077735e+03,3.319500952026865137e-06,2.087542645493374000e-05,1.028065867962460784e-06,1.940070117306143682e-07,2.454902504983951649e-23,3.490554117710595356e-17
5.737026497274974827e+05,2.315461552185021701e-05,1.048384017944952802e+03,3.024028008105872059e-06,1.901729218578097278e-05,9.365551448186741558e-07,1.767401831097968395e-07,1.856202485721897605e-23,3.489804542206509895e-17
5.761820358524237527e+05,2.109500450024656056e-05,1.048380790932493028e+03,2.755038123987713896e-06,1.732569905095860299e-05,8.532466905052006295e-07,1.610206347601551259e-07,1.403777234348138542e-23,3.489121791641768350e-17
5.786614219773500226e+05,1.921986884524264948e-05,1.048377850833409866e+03,2.510141404919015250e-06,1.578561837145614073e-05,7.774002755214719210e-07,1.467087933111401200e-07,1.061825462045337197e-23,3.488499857078059441e-17
5.811408081022762926e+05,1.751257249117257544e-05,1.048375171963802359e+03,2.287165074635616948e-06,1.438338673529421272e-05,7.083429254721210486e-07,1.336777557357471106e-07,8.033235188448011523e-24,3.487933275305564765e-17
5.836201942272025626e+05,1.595798968590809565e-05,1.048372730954201188e+03,2.084133621041751916e-06,1.310658116259108169e-05,6.454627698677788455e-07,1.218121323726092193e-07,6.078697194302575015e-24,3.487417078659013952e-17
5.860995803521288326e+05,1.454236697886939732e-05,1.048370506539688449e+03,1.899250768974384030e-06,1.194390575655314664e-05,5.882034571725514968e-07,1.110069961344450214e-07,4.600589257206602203e-24,3.486946749526444688e-17
5.885789664770551026e+05,1.325319790010115439e-05,1.048368479369161832e+03,1.730883110906704675e-06,1.088508877739343963e-05,5.360590836449167572e-07,1.011669281212257660e-07,3.482567535894520478e-24,3.486518179103650346e-17
5.910583526019813726e+05,1.207910915645794145e-05,1.048366631831987661e+03,1.577545242188937197e-06,9.920789175068838543e-06,4.885695884066744687e-07,9.220515075862815722e-08,2.636749992637842533e-24,3.486127629984888400e-17
5.935377387269076426e+05,1.100975728010995003e-05,1.048364947900449351e+03,1.437886261696279991e-06,9.042511706373318058e-06,4.453165716041949230e-07,8.404274040129857780e-08,1.996741478242128762e-24,3.485771702230071104e-17
5.960171248518339125e+05,1.003573476357032116e-05,1.048363412986544063e+03,1.310677511693602304e-06,8.242529843215253317e-06,4.059194965420663539e-07,7.660791208454489152e-08,1.512371007287797918e-24,3.485447302573606450e-17
5.984965109767601825e+05,9.148484805164215541e-06,1.048362013811814222e+03,1.194801442453744454e-06,7.513815752584892689e-06,3.700322403076411072e-07,6.983536978308576294e-08,1.145720229263494174e-24,3.485151616481831252e-17
6.009758971016864525e+05,8.340223870230685800e-06,1.048360738289021583e+03,1.089241497801297994e-06,6.849976695541462754e-06,3.373399607043329251e-07,6.366571614874315247e-08,8.681257777815298402e-25,3.484882082788360322e-17
6.031220624932707287e+05,7.698891034431767818e-06,1.048359725520310349e+03,1.005482616495106416e-06,6.323238616903586138e-06,3.113995687549853645e-07,5.877023224324335541e-08,6.828867767461717767e-25,3.484668086646177045e-17
6.052682278848550050e+05,7.107223714017926344e-06,1.048358790603665966e+03,9.282101406236911144e-07,5.837291684305234154e-06,2.874680552647119885e-07,5.425383378944354808e-08,5.372515443656431296e-25,3.484470551790368855e-17
6.074143932764392812e+05,6.561348870837703519e-06,1.048357927512397282e+03,8.569182405888696873e-07,5.388954908449273793e-06,2.653887591210804689e-07,5.008696264363673706e-08,4.227363524487244018e-25,3.484288202252211213e-17
6.095605586680235574e+05,6.057697576937342894e-06,1.048357130689578526e+03,7.911408050063153031e-07,4.975297070122864877e-06,2.450173207843446996e-07,4.624238098897723975e-08,3.326783211671925425e-25,3.484119861767540187e-17
6.117067240596078336e+05,5.592980974038000735e-06,1.048356395011184759e+03,7.304483008157140167e-07,4.593616975455084340e-06,2.262207097382329956e-07,4.269498799412982573e-08,2.618438694723005326e-25,3.483964445915717779e-17
6.138528894511921098e+05,5.164168146084970855e-06,1.048355715752139758e+03,6.744448832665382143e-07,4.241425282388676077e-06,2.088763293459453545e-07,3.942165104897353106e-08,2.061215209198482720e-25,3.483820954885427373e-17
6.159990548427763861e+05,4.768465751641355687e-06,1.048355088555044176e+03,6.227657357637652652e-07,3.916427772521359627e-06,1.928711929096974129e-07,3.640105041169635937e-08,1.622808579585340203e-25,3.483688466816478766e-17
6.181452202343606623e+05,4.403299275265302432e-06,1.048354509401370251e+03,5.750746211735268301e-07,3.616509952628528213e-06,1.781011652329692694e-07,3.361353619544166588e-08,1.277833545163517646e-25,3.483566131669870827e-17
6.202913856259449385e+05,4.066295768343465332e-06,1.048353974584928437e+03,5.310616276694146029e-07,3.339722879487089749e-06,1.644702644434899550e-07,3.104099670863623917e-08,1.006339007829291791e-25,3.483453165584892566e-17
6.224375510175292147e+05,3.755267960277513928e-06,1.048353480687426554e+03,4.904410935619823100e-07,3.084270110181338370e-06,1.518900192570857309e-07,2.866673724227430943e-08,7.926425045017937998e-26,3.483348845685688181e-17
6.241434298433628865e+05,3.525231210161436503e-06,1.048353115197643092e+03,4.603980748501007631e-07,2.895336758462515753e-06,1.425856508151531729e-07,2.691072599883391413e-08,6.557264019412498018e-26,3.483271649695909525e-17
6.258493086691964418e+05,3.309387775418662384e-06,1.048352772091002407e+03,4.322087201207931378e-07,2.718060630405182429e-06,1.338553673165804544e-07,2.526305754127404222e-08,5.425100545714559978e-26,3.483199182790130841e-17
6.275551874950301135e+05,3.106855669358287182e-06,1.048352449986835836e+03,4.057578404440256838e-07,2.551717334984236667e-06,1.256634941416155413e-07,2.371699975357778674e-08,4.488825401122289320e-26,3.483131153082350752e-17
6.292610663208637852e+05,2.916808099328308717e-06,1.048352147590244385e+03,3.809374553721915192e-07,2.395627812950617529e-06,1.179765892094410355e-07,2.226624176122819510e-08,3.714474886484427123e-26,3.483067286840442701e-17
6.309669451466973405e+05,2.738469988693867890e-06,1.048351863686733850e+03,3.576463386957214502e-07,2.249155480280434258e-06,1.107633022901081567e-07,2.090486739277389079e-08,3.073986252134059640e-26,3.483007327347322685e-17
6.326728239725310123e+05,2.571114719480894874e-06,1.048351597137186445e+03,3.357895930192447710e-07,2.111703552859163105e-06,1.039942432432248551e-07,1.962733032443303799e-08,2.544170339295344418e-26,3.482951033835423121e-17
6.343787027983646840e+05,2.414061081590178315e-06,1.048351346873150533e+03,3.152782513172862698e-07,1.982712540824626649e-06,9.764185861310600152e-08,1.842843080033053772e-08,2.105863450080908822e-26,3.482898180487419933e-17
6.360845816241983557e+05,2.266670415394579053e-06,1.048351111892425934e+03,2.960289037470912938e-07,1.861657901737950739e-06,9.168031604686459179e-08,1.730329382784384291e-08,1.743227115515430434e-26,3.482848555501243794e-17
6.377904604500319110e+05,2.128343935382415304e-06,1.048350891254927092e+03,2.779633481072110288e-07,1.748047842450066450e-06,8.608539603628225933e-08,1.624734875402753016e-08,1.443169918776799570e-26,3.482801960212826739e-17
6.390976073898697505e+05,2.028132057128135161e-06,1.048350731343093457e+03,2.648755926578034290e-07,1.665741999428390921e-06,8.203210614492866440e-08,1.548235886218453454e-08,1.248771678193671457e-26,3.482768189614289759e-17
6.404047543297074735e+05,1.932673339563080077e-06,1.048350578959168843e+03,2.524086046627346584e-07,1.587340013279902480e-06,7.817106897206923859e-08,1.475365261354622344e-08,1.080617320445512237e-26,3.482736009050933767e-17
6.417119012695451966e+05,1.841740695190380614e-06,1.048350433746168846e+03,2.405327262096697572e-07,1.512655372996929656e-06,7.449309936972390513e-08,1.405949657923036651e-08,9.351561014050489010e-27,3.482705343092816393e-17
6.430190482093829196e+05,1.755117963811542669e-06,1.048350295364160047e+03,2.292197265109030322e-07,1.441510542350934011e-06,7.098945417882263822e-08,1.339824073605640674e-08,8.093187372060420216e-27,3.482676119915068036e-17
6.443261951492207590e+05,1.672599382984137052e-06,1.048350163489440774e+03,2.184427327436596699e-07,1.373736524970784681e-06,6.765181080967241660e-08,1.276831442519384843e-08,7.004519790438316621e-27,3.482648271125027783e-17
6.456333420890584821e+05,1.593989084321270393e-06,1.048350037813759855e+03,2.081761642654526977e-07,1.309172450645256474e-06,6.447224686775312234e-08,1.216822250798170722e-08,6.062620977430007091e-27,3.482621731596093283e-17
6.469404890288962051e+05,1.519100614347451321e-06,1.048349918043574007e+03,1.983956700366177828e-07,1.247665181794058174e-06,6.144322077283600469e-08,1.159654170911330924e-08,5.247660621226970975e-27,3.482596439310938952e-17
6.482476359687339282e+05,1.447756478747559751e-06,1.048349803899341168e+03,1.890780690980875597e-07,1.189068939151955231e-06,5.855755332437484101e-08,1.105191713831640756e-08,4.542493615569959115e-27,3.482572335212002183e-17
6.490418947512622690e+05,1.406064846837841933e-06,1.048349737176407416e+03,1.836331089324567844e-07,1.154826839626835715e-06,5.687124551721670964e-08,1.073365272650734237e-08,4.161259423142971666e-27,3.482558245236204951e-17
6.498361535337906098e+05,1.365582851536565139e-06,1.048349672374691863e+03,1.783461283873745990e-07,1.121578236642792997e-06,5.523386418773525064e-08,1.042462228383676287e-08,3.812096107729464655e-27,3.482544561006927033e-17
6.506304123163189506e+05,1.326275135880366681e-06,1.048349609438459311e+03,1.732125098050121685e-07,1.089294090889790795e-06,5.364397923703476244e-08,1.012455591370347146e-08,3.492299423890707292e-27,3.482531270750141470e-17
6.514246710988472914e+05,1.288107383953464114e-06,1.048349548313603691e+03,1.682277714898763492e-07,1.057946218088506062e-06,5.210020267432684174e-08,9.833191665929594578e-09,3.199393681948513677e-27,3.482518363035850321e-17
6.522189298813756322e+05,1.251046290015857897e-06,1.048349488947600094e+03,1.633875636768852139e-07,1.027507263634801105e-06,5.060118736821151635e-08,9.550275301134955886e-09,2.931112386319403744e-27,3.482505826768182611e-17
6.530131886639039731e+05,1.215059528542436681e-06,1.048349431289457470e+03,1.586876646184121076e-07,9.979506779923346003e-07,4.914562583480257075e-08,9.275560062062577368e-09,2.685380517732718815e-27,3.482493651175921224e-17
6.538074474464323139e+05,1.180115725161326649e-06,1.048349375289674526e+03,1.541239767887714038e-07,9.692506928237326021e-07,4.773224906223015091e-08,9.008806451767743018e-09,2.460298319560842003e-27,3.482481825802084389e-17
6.542045768376957858e+05,1.163025381403796891e-06,1.048349347896594963e+03,1.518919646683698986e-07,9.552140807197499600e-07,4.704099363397412964e-08,8.878342346878249418e-09,2.354951418661788895e-27,3.482476041263040819e-17
6.546017062289592577e+05,1.146184428501601456e-06,1.048349320900194925e+03,1.496925232074730236e-07,9.413822978686347728e-07,4.635982537192464974e-08,8.749782018744282191e-09,2.254126460486865939e-27,3.482470340495410913e-17
6.549988356202227296e+05,1.129589199758651251e-06,1.048349294294686160e+03,1.475251735318293408e-07,9.277523327466865636e-07,4.568859596783038014e-08,8.623097477480345479e-09,2.157628867606429669e-27,3.482464722276183549e-17
6.553959650114862015e+05,1.113236082790656350e-06,1.048349268074365455e+03,1.453894438603824757e-07,9.143212184374504521e-07,4.502715931022456410e-08,8.498261147774117284e-09,2.065272455614650202e-27,3.482459185400838384e-17
6.557930944027496735e+05,1.097121518716758401e-06,1.048349242233613950e+03,1.432848693996947872e-07,9.010860319677886967e-07,4.437537145173255173e-08,8.375245862717915488e-09,1.976879070232717620e-27,3.482453728682510150e-17
6.561902237940131454e+05,1.081242001350436501e-06,1.048349216766894870e+03,1.412109922382781275e-07,8.880438936433579359e-07,4.373309057634263218e-08,8.254024857633276764e-09,1.892278240071450072e-27,3.482448350951546771e-17
6.566766666707727127e+05,1.062106444704778890e-06,1.048349186074455019e+03,1.387118738711769009e-07,8.723275106250381555e-07,4.295911228705412922e-08,8.107947886685343993e-09,1.793580396852540225e-27,3.482441869725982041e-17
6.571631095475322800e+05,1.043312122724288726e-06,1.048349155925161767e+03,1.362573210389033235e-07,8.568913898587799193e-07,4.219893598556334150e-08,7.964475806217768278e-09,1.700043029109231555e-27,3.482435503199931963e-17
6.573753632295888383e+05,1.035216805996460285e-06,1.048349142937601073e+03,1.352000664875544615e-07,8.502425579971864049e-07,4.187150370112734952e-08,7.902677775767715389e-09,1.660776849096364146e-27,3.482432760661302456e-17
6.575876169116453966e+05,1.027184785988325094e-06,1.048349130050810345e+03,1.341510785408905832e-07,8.436457128857817104e-07,4.154663159171917075e-08,7.841362935109317547e-09,1.622419890610710275e-27,3.482430039402928029e-17
6.577998705937018385e+05,1.019215564025163277e-06,1.048349117264001734e+03,1.331102920715020274e-07,8.371004449539958650e-07,4.122429948727136485e-08,7.780527477569619859e-09,1.584951047556038728e-27,3.482427339258108197e-17
6.580121242757583968e+05,1.011308645397957548e-06,1.048349104576393756e+03,1.320776424699050518e-07,8.306063478883637954e-07,4.090448737811763178e-08,7.720167626746770426e-09,1.548349705035324166e-27,3.482424660061897693e-17
6.582243779578149552e+05,1.003463539295891889e-06,1.048349091987210613e+03,1.310530656357256759e-07,8.241630185770804553e-07,4.058717541226613332e-08,7.660279635995413089e-09,1.512595727728507887e-27,3.482422001650427303e-17
6.582456033260209952e+05,1.002682409596949414e-06,1.048349090733675894e+03,1.309510495021403332e-07,8.235214624500433895e-07,4.055558096405782259e-08,7.654316645883662509e-09,1.509066173923407677e-27,3.482421736946114309e-17
6.582668286942271516e+05,1.001901892666496318e-06,1.048349089481117062e+03,1.308491133966309023e-07,8.228804096009440104e-07,4.052401130061604911e-08,7.648358333481238876e-09,1.505544877314128176e-27,3.482421472447920808e-17
6.582880540624331916e+05,1.001121988020157232e-06,1.048349088229533209e+03,1.307472572559373630e-07,8.222398596319563539e-07,4.049246640234847759e-08,7.642404695090676287e-09,1.502031818533915665e-27,3.482421208155716147e-17
6.583092794306392316e+05,1.000342695173945791e-06,1.048349086978923651e+03,1.306454810168505962e-07,8.215998121455737869e-07,4.046094624967950825e-08,7.636455727017536317e-09,1.498526978261724136e-27,3.482420944069209431e-17
6.583114019674594747e+05,1.000264799519710488e-06,1.048349086853916333e+03,1.306353077850982225e-07,8.215358350181849129e-07,4.045779559466749587e-08,7.635861086935701389e-09,1.498176945510043249e-27,3.482420917671752326e-17
6.583135245042796014e+05,1.000186909978156846e-06,1.048349086728918564e+03,1.306251353516674400e-07,8.214718629112529615e-07,4.045464518689607606e-08,7.635266493516122395e-09,1.497826994731198324e-27,3.482420891276568127e-17
6.583156470410998445e+05,1.000109026548801210e-06,1.048349086603930573e+03,1.306149637164946947e-07,8.214078958243807802e-07,4.045149502634602512e-08,7.634671946755490613e-09,1.497477125906197890e-27,3.482420864883296915e-17
6.583177695779199712e+05,1.000031149231162466e-06,1.048349086478952358e+03,1.306047928795172005e-07,8.213439337571731222e-07,4.044834511299786131e-08,7.634077446650224350e-09,1.497127339015862316e-27,3.482420838492046543e-17
6.583179818316022865e+05,1.000023361835523986e-06,1.048349086466454992e+03,1.306037758397175741e-07,8.213375378265184251e-07,4.044803013525816725e-08,7.634017999205732753e-09,1.497092364832577562e-27,3.482420835852929641e-17
6.583181940852846019e+05,1.000015574500997240e-06,1.048349086453957852e+03,1.306027588078993804e-07,8.213311419460553006e-07,4.044771515999090943e-08,7.633958552227516249e-09,1.497057391468275486e-27,3.482420833213984069e-17
6.583184063389669172e+05,1.000007787227582015e-06,1.048349086441460713e+03,1.306017417840624605e-07,8.213247461157849133e-07,4.044740018719480405e-08,7.633899105715808104e-09,1.497022418923080028e-27,3.482420830575098895e-17
6.583185124658080749e+05,1.000003893606152230e-06,1.048349086435212257e+03,1.306012332741411984e-07,8.213215482132114300e-07,4.044724270142164000e-08,7.633869382577938938e-09,1.497004932924393594e-27,3.482420829254546356e-17
