z(m),p_tot(bar),T(K),p_H2O(bar),p_CO2(bar),p_CO(bar),p_H2(bar),p_CH4(bar),p_O2(bar)
0.0,160.46301,3318.153,13.67651,145.7865,NaN,NaN,NaN,NaN
1582.1612331986464,157.09760319516198,3312.6213289745338,13.389671183873874,142.7289051115985,NaN,NaN,NaN,NaN
3162.498288373007,153.80277940482736,3307.07879654762,13.108673761192813,139.73561078447764,NaN,NaN,NaN,NaN
4741.002338855596,150.57705865590967,3301.5254178276427,12.833576779634866,136.80508848262977,NaN,NaN,NaN,NaN
6317.665286791258,147.4189905365102,3295.961199760539,12.564256218593108,133.93602085095714,NaN,NaN,NaN,NaN
7892.477378905626,144.3271583287381,3290.3861563647065,12.300590833252537,131.12712124194394,NaN,NaN,NaN,NaN
9465.431421577596,141.30017001092892,3284.800294169416,12.042461505671898,128.37712542367078,NaN,NaN,NaN,NaN
11036.518019058221,138.3366670300601,3279.203628726886,11.789751991173363,125.68479955116216,NaN,NaN,NaN,NaN
12605.728505196666,135.4353179016385,3273.5961744797287,11.542348372437228,123.04893435206168,NaN,NaN,NaN,NaN
14173.052754030266,132.59482168401485,3267.977952434857,11.300139354462226,120.46834828432671,NaN,NaN,NaN,NaN
15738.485011193206,129.81389686787378,3262.3489697033474,11.063015317054955,117.94187744246541,NaN,NaN,NaN,NaN
17302.015146198963,127.09129667357551,3256.709250214962,10.830869617270057,115.46838945709635,NaN,NaN,NaN,NaN
18863.634487276715,124.42579785283456,3251.0588142765832,10.60359763499766,113.04677332082774,NaN,NaN,NaN,NaN
20423.334363243717,121.81620281267763,3245.3976836982583,10.381096952777115,110.67594131915665,NaN,NaN,NaN,NaN
21981.106104320108,119.26133907737172,3239.725881806535,10.163267309367253,108.35482854217646,NaN,NaN,NaN,NaN
23536.939596460157,116.7600610665357,3234.043438638054,9.950010750605278,106.08239450074353,NaN,NaN,NaN,NaN
25090.830514587182,114.31123805491316,3228.3503650518364,9.741230602817692,103.85761218787094,NaN,NaN,NaN,NaN
26642.765858741976,111.91377671642836,3222.6467045415598,9.536833392908523,101.67948856219287,NaN,NaN,NaN,NaN
28192.735537476685,109.56660190666821,3216.9324918648413,9.33672721098784,99.54704708758507,NaN,NaN,NaN,NaN
29740.73666816315,107.26865030951896,3211.207737301585,9.140821167691787,97.45932196206726,NaN,NaN,NaN,NaN
31286.75772142754,105.01889388727656,3205.4724839346627,8.949027391757998,95.41537942419035,NaN,NaN,NaN,NaN
32830.79006080731,102.81632183758677,3199.7267660452612,8.761259492836144,93.41430135961404,NaN,NaN,NaN,NaN
34372.8250580456,100.65994455775702,3193.970619521115,8.577432898160948,91.45518890403206,NaN,NaN,NaN,NaN
35912.854093973176,98.54879320013353,3188.204081865039,8.397464814352572,89.53716203951763,NaN,NaN,NaN,NaN
37450.868559396426,96.48191923680405,3182.427192202961,8.22127418986675,87.65935919948582,NaN,NaN,NaN,NaN
38986.85985599111,94.45839403342995,3176.6399912915867,8.048781678241843,85.82093688193144,NaN,NaN,NaN,NaN
40520.81939720289,92.47730843201491,3170.842521525195,7.879909602125643,84.02106927076844,NaN,NaN,NaN,NaN
42052.73860915066,90.53777234242776,3165.0348269421243,7.71458191806568,82.25894786510518,NaN,NaN,NaN,NaN
43582.60893153746,88.63891434248868,3159.216953230341,7.552724182045986,80.5337811162837,NaN,NaN,NaN,NaN
45110.41897794006,86.77988471259472,3153.388958358235,7.39426380768722,78.84479718539032,NaN,NaN,NaN,NaN
46636.165902968896,84.95984127594963,3147.5508700958194,7.239128859475301,77.19123107850065,NaN,NaN,NaN,NaN
48159.838348233636,83.17796979726748,3141.702749716067,7.087249790136916,75.57234318087522,NaN,NaN,NaN,NaN
49681.43064596135,81.43346647708422,3135.844638871716,6.9385579493155065,73.98740335169484,NaN,NaN,NaN,NaN
51200.92583070369,79.7255571669483,3129.976623606386,6.7929872199997146,72.43570838306535,NaN,NaN,NaN,NaN
52718.32675094858,78.05346178495955,3124.098716837678,6.650470986789401,70.9165496690597,NaN,NaN,NaN,NaN
54233.61367506157,76.41644152979966,3118.2110187436383,6.510946157507029,69.4292561038838,NaN,NaN,NaN,NaN
55746.78383467739,74.81375460534055,3112.313566950583,6.3743493917451115,67.97315385387505,NaN,NaN,NaN,NaN
57257.8344520524,73.24467515290263,3106.406400617508,6.240618712547329,66.54758356008121,NaN,NaN,NaN,NaN
58766.745908770245,71.7085098878918,3100.4896251620166,6.109694924149829,65.1519154534754,NaN,NaN,NaN,NaN
60273.52108417209,70.2045571719295,3094.563261518853,5.981518124993001,63.78551216914502,NaN,NaN,NaN,NaN
61778.14044036128,68.73215249612402,3088.6274185942452,5.856031581747354,62.447770072069105,NaN,NaN,NaN,NaN
63280.606875209036,67.29062334453405,3082.6821205284205,5.733177884510151,61.138078246690085,NaN,NaN,NaN,NaN
64780.90093538447,65.87933278959592,3076.7274797069217,5.612902659886929,59.85585810755635,NaN,NaN,NaN,NaN
66279.02554084425,64.49763622903991,3070.763523468207,5.495150885782319,58.60052409107665,NaN,NaN,NaN,NaN
67774.96132687404,63.14492317183098,3064.790367663649,5.379870450372335,57.37152162206287,NaN,NaN,NaN,NaN
69268.71123907773,61.8205757707768,3058.8080428177373,5.267008619864329,56.168289437015666,NaN,NaN,NaN,NaN
70760.25600540994,60.524008874087144,3052.8166682293427,5.156515449756024,54.990295974808646,NaN,NaN,NaN,NaN
72249.59306315819,59.25463495799711,3046.8162994722156,5.048340797840985,53.83700751485731,NaN,NaN,NaN,NaN
73736.71984933247,58.011879121656946,3040.806993631801,4.94243560084793,52.70790180191246,NaN,NaN,NaN,NaN
75221.61723847759,56.795192263825115,3034.7888751341343,4.838752997219911,51.60248001785545,NaN,NaN,NaN,NaN
76704.28825589998,55.60401866682356,3028.7619823884456,4.737245565468866,50.52023732932284,NaN,NaN,NaN,NaN
78184.71387891535,54.43783202059054,3022.7264432029283,4.6378683925215825,49.46069561889871,NaN,NaN,NaN,NaN
79662.8971709291,53.296099673251895,3016.6822990972364,4.5405760285688554,48.42337100363851,NaN,NaN,NaN,NaN
81138.81921604558,52.17831715994708,3010.6296812279184,4.445325427962198,47.4078052078019,NaN,NaN,NaN,NaN
82612.48311930445,51.08397393722873,3004.5686341941287,4.3520730304626785,46.41353442955755,NaN,NaN,NaN,NaN
84083.87007559533,50.01258647872377,2998.4992924624767,4.260777580076346,45.4401194115444,NaN,NaN,NaN,NaN
85552.9832351091,48.96366543177183,2992.4217036763885,4.17139732745575,44.48711559979887,NaN,NaN,NaN,NaN
87019.80390749345,47.936747339407006,2986.3360055705443,4.083892731740032,43.55410196619336,NaN,NaN,NaN,NaN
88484.32984671067,46.93136686599138,2980.242271013466,3.998224094787281,42.64065577293651,NaN,NaN,NaN,NaN
89946.558815486,45.94706867359721,2974.140574301498,3.914352572398996,41.746363363710785,NaN,NaN,NaN,NaN
91406.47230298571,44.98341785832491,2968.031057982737,3.832241063522114,40.87082964574752,NaN,NaN,NaN,NaN
92864.07358750797,44.03997427586787,2961.9137771319874,3.751852023040967,40.01365476260929,NaN,NaN,NaN,NaN
94319.34428276894,43.11632107359301,2955.788877441544,3.6731498919991785,39.17446001822667,NaN,NaN,NaN,NaN
95772.28772432289,42.2120363759705,2949.656416876998,3.5960986857805177,38.3528621506125,NaN,NaN,NaN,NaN
97222.89104715943,41.326717369158246,2943.51652183054,3.5206640454039615,37.54849521504705,NaN,NaN,NaN,NaN
98671.13608498481,40.45997267262913,2937.3693426850564,3.446812587925295,36.761003652847336,NaN,NaN,NaN,NaN
100117.03704233158,39.61139994557221,2931.214896839503,3.3745099985152924,35.99002194525119,NaN,NaN,NaN,NaN
101560.57583490796,38.78062445429023,2925.0533375132227,3.303724315664596,35.23520965524586,NaN,NaN,NaN,NaN
103001.74521451359,37.967272934841255,2918.8847745703897,3.2344237049923414,34.49622767929863,NaN,NaN,NaN,NaN
104440.52728708423,37.17098582197935,2912.709364315978,3.1665775005951713,33.77274935873173,NaN,NaN,NaN,NaN
105876.93632114895,36.39139348113505,2906.52712938663,3.100154180361643,33.06443888451732,NaN,NaN,NaN,NaN
107310.95451140421,35.62815164067328,2900.338228798105,3.0351243840639417,32.37098349061853,NaN,NaN,NaN,NaN
108742.56417761766,34.88092288776162,2894.142823116283,2.971459337391747,31.692076641148866,NaN,NaN,NaN,NaN
110171.7796442319,34.14936036060369,2887.9409387465794,2.90912946241656,31.027403213773457,NaN,NaN,NaN,NaN
111598.58332470183,33.43314099775547,2881.7327388626,2.8481072098137767,30.376669709583382,NaN,NaN,NaN,NaN
113022.96835070677,32.731943004862636,2875.518342803862,2.788365139633572,29.73958377949755,NaN,NaN,NaN,NaN
114444.91733961397,32.04545639734592,2869.297916554322,2.7298768190875586,29.115863803454424,NaN,NaN,NaN,NaN
115864.44470063188,31.37336250976707,2863.0714913110833,2.672615077074721,28.50522027295564,NaN,NaN,NaN,NaN
117281.53315116782,30.715364542312425,2856.8392355169563,2.6165546060921137,27.90738354526324,NaN,NaN,NaN,NaN
118696.17605817318,30.071166859256415,2850.6012735160525,2.561670199015606,27.32208503410189,NaN,NaN,NaN,NaN
120108.35635038755,29.44048467463282,2844.3577763850235,2.5079375739195267,26.749066010144933,NaN,NaN,NaN,NaN
121518.08853301735,28.823025227283,2838.1087798236645,2.4553317705044546,26.18806049695746,NaN,NaN,NaN,NaN
122925.35564092046,28.218515844218246,2831.8544572059627,2.4038295404919823,25.638820769063834,NaN,NaN,NaN,NaN
124330.14084503986,27.626689284817957,2825.594983199179,2.353408099392848,25.101104035718393,NaN,NaN,NaN,NaN
125732.45872963297,27.04727082461141,2819.3303966759986,2.3040440260367,24.57466070565353,NaN,NaN,NaN,NaN
127132.29257612166,26.48000458968847,2813.0608744721208,2.255715505742636,24.059258314195574,NaN,NaN,NaN,NaN
128529.63619300166,25.924635709710106,2806.786548881186,2.208400810225826,23.554665307597528,NaN,NaN,NaN,NaN
129924.47308519117,25.38091866801717,2800.507599032999,2.1620790087012036,23.06065863000254,NaN,NaN,NaN,NaN
131316.81795128153,24.848601072461776,2794.2240677405534,2.1167285854454527,22.577008977858352,NaN,NaN,NaN,NaN
132706.6544121964,24.327447849096583,2787.9361361202687,2.072329500569647,22.103502782050956,NaN,NaN,NaN,NaN
134093.9765446719,23.817224845965143,2781.643940505586,2.028861793491529,21.63992731040964,NaN,NaN,NaN,NaN
135478.7681995572,23.317706504431303,2775.3476640959484,1.9863062362425112,21.186077637918373,NaN,NaN,NaN,NaN
136861.04419940294,22.828660949277843,2769.0473532933497,1.9446430634157261,20.741743099789403,NaN,NaN,NaN,NaN
138240.78851623557,22.349872215693473,2762.743193091098,1.9038538654143693,20.306727486675985,NaN,NaN,NaN,NaN
139617.98526773657,21.881128641457583,2756.435369469914,1.8639205998025885,19.880838497850522,NaN,NaN,NaN,NaN
140992.64937533063,21.422212636926382,2750.1239312804632,1.8248247197533354,19.46387844649847,NaN,NaN,NaN,NaN
142364.76508150614,20.972921542639288,2743.8090661458027,1.7865489506843446,19.055663210697436,NaN,NaN,NaN,NaN
143734.3269576806,20.533053493993048,2737.4909165093427,1.7490760862950356,18.65600939015077,NaN,NaN,NaN,NaN
145101.31948649764,20.10241403476643,2731.1696716815322,1.7123895518005212,18.26474031525998,NaN,NaN,NaN,NaN
146465.7577285007,19.680803263154363,2724.8453834381585,1.676472309018455,17.881674368181912,NaN,NaN,NaN,NaN
147827.62629562602,19.268034993862294,2718.5182425216262,1.6413084885504146,17.506642393317165,NaN,NaN,NaN,NaN
149186.92005502616,18.863923771838884,2712.1883942836685,1.6068822836871497,17.139475898072593,NaN,NaN,NaN,NaN
150543.623864007,18.468290948188272,2705.856030913716,1.5731784678629726,16.78001257345154,NaN,NaN,NaN,NaN
151897.7529298414,18.080952871101864,2699.521206707783,1.5401813887529505,16.428085564486242,NaN,NaN,NaN,NaN
153249.29224318668,17.701738490267665,2693.184115067931,1.5078764677716687,16.083539465431855,NaN,NaN,NaN,NaN
154598.22694815852,17.33048016314891,2686.844950036187,1.4762494170262017,15.746221966390765,NaN,NaN,NaN,NaN
155944.57236657824,16.967005552519748,2680.5037675228327,1.445285549054512,15.415976491606411,NaN,NaN,NaN,NaN
157288.31377866212,16.611154146287024,2674.160762612398,1.414971183959911,15.092657209193638,NaN,NaN,NaN,NaN
158629.44658880754,16.262766061907193,2667.8160846591595,1.3852926958341518,14.776118858907376,NaN,NaN,NaN,NaN
159967.95633052412,15.92168728448726,2661.4699297528614,1.3562369588672851,14.46622151148775,NaN,NaN,NaN,NaN
161303.85848367162,15.587759486076148,2655.122355575906,1.327790480156041,14.162821318592458,NaN,NaN,NaN,NaN
162637.13872111455,15.26083520259149,2648.7735590270927,1.2999406924321724,13.865784302407521,NaN,NaN,NaN,NaN
163967.79276389984,14.940767548324642,2642.42369109977,1.2726750780007001,13.574977010316896,NaN,NaN,NaN,NaN
165295.80654198627,14.62741502823678,2636.0729494352427,1.2459815785890638,13.290270887357263,NaN,NaN,NaN,NaN
166621.19569851138,14.320632184839036,2629.721393040954,1.2198477986525542,13.011533778084331,NaN,NaN,NaN,NaN
167943.94630555497,14.020283541388524,2623.369220127658,1.1942621930151935,12.73864259522932,NaN,NaN,NaN,NaN
169264.04459441642,13.726236320197886,2617.0166291671144,1.1692134466685378,12.471476703591858,NaN,NaN,NaN,NaN
170581.50633356723,13.438354025251636,2610.6636798604245,1.1446899280854188,12.20991208933739,NaN,NaN,NaN,NaN
171896.31789817082,13.156509526377857,2604.3105710655286,1.1206808037030527,11.953833248140873,NaN,NaN,NaN,NaN
173208.47557671388,12.880576192025849,2597.957455463238,1.0971752826605032,11.703125128490637,NaN,NaN,NaN,NaN
174517.9660067613,12.610432037992231,2591.604532180155,1.0741629701383206,11.45767690121833,NaN,NaN,NaN,NaN
175824.80512695404,12.3459516640081,2585.251861434768,1.051633180524833,11.217374633173575,NaN,NaN,NaN,NaN
177128.9797205909,12.08701827429952,2578.8996424922243,1.0295759612902333,10.98211220899421,NaN,NaN,NaN,NaN
178430.48640621788,11.833515531181044,2572.5480283069637,1.0079813991186024,10.751783929339014,NaN,NaN,NaN,NaN
179729.3122317706,11.58533136653216,2566.197218137033,0.9868399445268425,10.526287973990648,NaN,NaN,NaN,NaN
181025.47330864586,11.342350573858326,2559.8472722466486,0.9661417808655649,10.305519671084461,NaN,NaN,NaN,NaN
182318.9568318516,11.104465851701644,2553.498389782178,0.9458777649615113,10.08938153105047,NaN,NaN,NaN,NaN
183609.75975287214,10.8715703194547,2547.15072346259,0.9260387896534478,9.87777644653541,NaN,NaN,NaN,NaN
184897.87910674812,10.643559338132125,2540.8044258682726,0.9066159388486043,9.670609346769947,NaN,NaN,NaN,NaN
186183.2929047002,10.420333754591427,2534.4597419493466,0.8876007638665898,9.467790145226616,NaN,NaN,NaN,NaN
187466.0366031794,10.201786621539126,2528.1166388069496,0.8689841522602402,9.269221673570296,NaN,NaN,NaN,NaN
188746.08834186406,9.98782310840634,2521.77536097775,0.8507580237635664,9.074817772494567,NaN,NaN,NaN,NaN
190023.44549078395,9.778347082284439,2515.4360601687813,0.832914187329596,8.884491099251866,NaN,NaN,NaN,NaN
191298.1055038207,9.573264426473933,2509.0988877894138,0.8154446237479845,8.698156142902151,NaN,NaN,NaN,NaN
192570.06591871558,9.372482998198127,2502.763994919607,0.798341482051281,8.515729185883867,NaN,NaN,NaN,NaN
193839.3243570584,9.17591258720386,2496.4315322786283,0.781597075984125,8.33712826640349,NaN,NaN,NaN,NaN
195105.87852426057,8.9834648752303,2490.101650193454,0.7652038805465555,8.16227314161358,NaN,NaN,NaN,NaN
196369.7074237064,8.795056174223108,2483.774590851153,0.749154765228467,7.9910877755270215,NaN,NaN,NaN,NaN
197630.84653928506,8.610596217644126,2477.4503190913165,0.7334420392684038,7.823490154924141,NaN,NaN,NaN,NaN
198889.27500237708,8.430004965813273,2471.129076202216,0.7180588830783171,7.659407558533242,NaN,NaN,NaN,NaN
200144.99085305483,8.253201279838878,2464.811010631975,0.7029983835491056,7.498766266243483,NaN,NaN,NaN,NaN
201397.99221481394,8.080105722566785,2458.4962702823636,0.6882537725933027,7.34149410405459,NaN,NaN,NaN,NaN
202648.2772944433,7.910640522889434,2452.185002478547,0.6738184241108209,7.18752041164268,NaN,NaN,NaN,NaN
203895.84438187623,7.744729540803764,2445.877353939118,0.6596858510094336,7.036776010615426,NaN,NaN,NaN,NaN
205140.67334730717,7.582300628051145,2439.5735626903174,0.6458499062777705,6.889195349366692,NaN,NaN,NaN,NaN
206382.79969145593,7.423275965000314,2433.273590202709,0.632303959897815,6.744707723270706,NaN,NaN,NaN,NaN
207622.2034103679,7.267586548690392,2426.9776731979255,0.6190421328875486,6.603250438388008,NaN,NaN,NaN,NaN
208858.88312473995,7.115162428519969,2420.6859556741574,0.6060584656274347,6.464759939682685,NaN,NaN,NaN,NaN
210092.83753742353,6.9659351209714755,2414.3985808772113,0.593347123513821,6.32917400504379,NaN,NaN,NaN,NaN
211324.0654331775,6.819837578841816,2408.1156912728534,0.5809023943424079,6.196431717324298,NaN,NaN,NaN,NaN
212552.56567840424,6.676804161118366,2401.837428518583,0.5687186857399523,6.066473436973122,NaN,NaN,NaN,NaN
213778.31900230673,6.536772668108986,2395.564024937365,0.5567906985107457,5.939242651135042,NaN,NaN,NaN,NaN
215001.36091054516,6.399676010777804,2389.295437414874,0.5451127170480008,5.814678404494555,NaN,NaN,NaN,NaN
216221.6722544653,6.265454701023431,2383.0318965931515,0.5336796732120807,5.692726647832188,NaN,NaN,NaN,NaN
217439.252224092,6.134048433774611,2376.7735406277334,0.5224864293359024,5.5733325895780865,NaN,NaN,NaN,NaN
218654.10008954068,6.0053981687469,2370.520506733311,0.5115279555233109,5.4564425872959745,NaN,NaN,NaN,NaN
219866.21520066092,5.879446103916079,2364.2729311583503,0.5007993273928336,5.342004123578164,NaN,NaN,NaN,NaN
221075.59698666562,5.756135649547932,2358.030949160484,0.4902957238638073,5.229965782451035,NaN,NaN,NaN,NaN
222282.24495574448,5.635411402772781,2351.794694982037,0.4800124249889849,5.120277226275423,NaN,NaN,NaN,NaN
223486.1408016297,5.517220865292617,2345.5643926983535,0.4699449582634789,5.012890756439479,NaN,NaN,NaN,NaN
224687.32001509416,5.401507412065203,2339.339992617844,0.4600884997142957,4.907754924774728,NaN,NaN,NaN,NaN
225885.76440599747,5.288220833451783,2333.1217167548684,0.45043877184236025,4.804824112059503,NaN,NaN,NaN,NaN
227081.47379429563,5.177310230267984,2326.9096950578805,0.4409914384579507,4.7040520725149335,NaN,NaN,NaN,NaN
228274.4658069204,5.068724169901664,2320.703965835259,0.4317421179630756,4.605392075667347,NaN,NaN,NaN,NaN
229464.70491697596,4.962417101274738,2314.5048378740435,0.4226869297624022,4.5088027349189685,NaN,NaN,NaN,NaN
230652.20894343746,4.858339625827711,2308.312347067485,0.4138216655787999,4.414239167851457,NaN,NaN,NaN,NaN
231836.96040278458,4.756446484298563,2302.126708943707,0.40514246972934587,4.321660252952385,NaN,NaN,NaN,NaN
233018.9947500726,4.656688859721315,2295.947867057308,0.3966451835268183,4.231021636182681,NaN,NaN,NaN,NaN
234198.29461125706,4.559023465907976,2289.7760345967654,0.3883261193998589,4.142283988695865,NaN,NaN,NaN,NaN
235374.86033388798,4.46340642220692,2283.611333183018,0.38018153917449277,4.055407441489558,NaN,NaN,NaN,NaN
236548.69233881604,4.369794768281663,2277.4538831720506,0.37220778308761476,3.9703529617300783,NaN,NaN,NaN,NaN
237719.79111964136,4.278146444808905,2271.303803637969,0.3644012681446077,3.8870823352131803,NaN,NaN,NaN,NaN
238888.15724215016,4.188420274581495,2265.1612123565496,0.3567584865087899,3.8055581491953374,NaN,NaN,NaN,NaN
240053.77402064574,4.100577239164066,2259.0263152700545,0.34927611424258426,3.72574495235165,NaN,NaN,NaN,NaN
241216.6941319206,4.014573984998335,2252.898959068591,0.34195045817612507,3.6476033544846835,NaN,NaN,NaN,NaN
242376.86638740232,3.930375757234165,2246.7795259842455,0.33477855756565733,3.571101778089081,NaN,NaN,NaN,NaN
243534.30895796255,3.8479434308047624,2240.668038966968,0.32775707945392063,3.4962046748931916,NaN,NaN,NaN,NaN
244689.0227615236,3.7672399692117775,2234.56460907734,0.3208828687920398,3.4228783942688334,NaN,NaN,NaN,NaN
245841.00878460944,3.6882291127285645,2228.4693459925043,0.31415283671309546,3.3510899913365955,NaN,NaN,NaN,NaN
246990.26808171638,3.6108753621088487,2222.3823579944524,0.3075639591418393,3.280807212166309,NaN,NaN,NaN,NaN
248136.8188134591,3.535142846071288,2216.3036633004326,0.30111318032964224,3.2119974647848712,NaN,NaN,NaN,NaN
249280.611052919,3.4610008885132815,2210.233633344132,0.2947978870514815,3.1446328774963,NaN,NaN,NaN,NaN
250421.69716918276,3.388412827565358,2204.1721061804024,0.2886149562520461,3.078680139973487,NaN,NaN,NaN,NaN
251560.0614443122,3.3173471662821226,2198.1192730629073,0.2825617048142576,3.0141106346856485,NaN,NaN,NaN,NaN
252695.72213965896,3.24777094936006,2192.075146987211,0.27663532542118474,2.950894419032846,NaN,NaN,NaN,NaN
253828.64691093029,3.179654990072251,2186.0400040880995,0.27083333176181223,2.8890049744988455,NaN,NaN,NaN,NaN
254958.8709822536,3.1129666532062266,2180.0137664250356,0.2651529438092067,2.8284126492900143,NaN,NaN,NaN,NaN
256086.36229722676,3.047677963480154,2173.996706685791,0.2595917784618437,2.76909202557573,NaN,NaN,NaN,NaN
257211.1226128928,2.983759525086653,2167.988919766583,0.25414733163776526,2.7110163948335595,NaN,NaN,NaN,NaN
258333.20377129846,2.921179792078683,2161.9902366025917,0.24881691612111004,2.654157094935765,NaN,NaN,NaN,NaN
259452.55738783538,2.859913475305693,2156.0010124067267,0.2435983776376855,2.5984911486150093,NaN,NaN,NaN,NaN
260569.21858900556,2.7999312213050653,2150.021163178767,0.2384892157437514,2.543991885791707,NaN,NaN,NaN,NaN
261683.156025088,2.7412078679489182,2144.050952843479,0.2334872870045895,2.4906364445902067,NaN,NaN,NaN,NaN
262794.40477896965,2.683715280140385,2138.0902949658966,0.22859019477014741,2.438399261909836,NaN,NaN,NaN,NaN
263902.95025146334,2.6274285102822406,2132.1393631265787,0.22379581389641975,2.3872576707779767,NaN,NaN,NaN,NaN
265008.7780604646,2.572323080672652,2126.198328841281,0.21910205927437698,2.3371894311539525,NaN,NaN,NaN,NaN
266111.90682563605,2.5183733850290184,2120.2671885326795,0.21450674967391517,2.2881712775711445,NaN,NaN,NaN,NaN
267212.3550623955,2.4655544052404523,2114.3459376978185,0.21000775396954854,2.2401804789643847,NaN,NaN,NaN,NaN
268310.10855623364,2.413843221715335,2108.4347433502317,0.2056031197881447,2.1931962109567866,NaN,NaN,NaN,NaN
269405.16957888886,2.3632166001434536,2102.5336843504147,0.20129086795825607,2.147197363212675,NaN,NaN,NaN,NaN
270497.54045548127,2.3136517935182614,2096.642838058966,0.19706906082126724,2.102163268150207,NaN,NaN,NaN,NaN
271587.23975634604,2.265125816482254,2090.7621945699557,0.19293574042306055,2.058073041617612,NaN,NaN,NaN,NaN
272674.2374869556,2.2176183120627067,2084.8919999379286,0.18888917269201022,2.014908187584458,NaN,NaN,NaN,NaN
273758.5362471489,2.1711078896789666,2079.032326581484,0.18492753552487712,1.9726492708858456,NaN,NaN,NaN,NaN
274840.1869054736,2.125571594246603,2073.1829894872444,0.18104887356378413,1.9312754348582861,NaN,NaN,NaN,NaN
275919.1437065716,2.0809910234134303,2067.3443149467107,0.1772516192408891,1.8907699594063503,NaN,NaN,NaN,NaN
276995.4413854599,2.037344817490309,2061.5162009047917,0.17353395310092803,1.8511134374162643,NaN,NaN,NaN,NaN
278069.06654851657,1.9946140366074894,2055.6987996113207,0.1698942618028888,1.8122886603982713,NaN,NaN,NaN,NaN
279140.0219215854,1.9527794808600423,2049.8921765306577,0.166330909863126,1.7742781835907384,NaN,NaN,NaN,NaN
280208.3102772801,1.911822353037232,2044.096395659634,0.16284229610214854,1.737064928112371,NaN,NaN,NaN,NaN
281273.91859982826,1.871724841355802,2038.3116039049273,0.1594269032800946,1.700632710428235,NaN,NaN,NaN,NaN
282336.8972555995,1.832467155294607,2032.5376092313797,0.15608304561981426,1.6649635491349966,NaN,NaN,NaN,NaN
283397.21740685916,1.7940328626515187,2026.7746403354952,0.15280932339637432,1.6300425141659494,NaN,NaN,NaN,NaN
284454.86629032146,1.756405248272051,2021.0228392993283,0.14960431278978126,1.5958544183605843,NaN,NaN,NaN,NaN
285509.89404814545,1.7195657401983424,2015.2820112146399,0.14646643182741403,1.5623823874799,NaN,NaN,NaN,NaN
286562.256572682,1.6834994496310853,2009.5524630834946,0.14339441225709057,1.5296128937683227,NaN,NaN,NaN,NaN
287611.9726585807,1.6481896159324854,2003.8341649330796,0.14038682639560246,1.4975307087287917,NaN,NaN,NaN,NaN
288659.04542650655,1.613620373123951,1998.1271692716696,0.13744232276548912,1.4661214167418932,NaN,NaN,NaN,NaN
289703.49355635355,1.5797756890329184,1992.4314441396614,0.13455953573698057,1.4353704511823515,NaN,NaN,NaN,NaN
290745.32013174036,1.5466403876460597,1986.7470397558006,0.1317371726075796,1.405264023320996,NaN,NaN,NaN,NaN
291784.49739420443,1.5142005671069985,1981.074170433758,0.12897404920600275,1.3757895021134336,NaN,NaN,NaN,NaN
292821.059540881,1.4824406834098687,1975.4127175079109,0.12626884149194406,1.3469327644692632,NaN,NaN,NaN,NaN
293855.0097703192,1.4513464949440387,1969.7627270956286,0.1236203363599515,1.3186808706415032,NaN,NaN,NaN,NaN
294886.32067132747,1.4209049557682008,1964.1244084295536,0.12102742255035323,1.2910219672549164,NaN,NaN,NaN,NaN
295915.02631676727,1.3911014789875615,1958.49763980757,0.11848885755362436,1.2639428008344,NaN,NaN,NaN,NaN
296941.1147683748,1.3619231300345096,1952.8825452309754,0.11600353960076017,1.2374316191936574,NaN,NaN,NaN,NaN
297964.6046907175,1.3333563757177298,1947.2790832665078,0.11357031593713537,1.2114761262391542,NaN,NaN,NaN,NaN
298985.4842922915,1.305388817812408,1941.687374959219,0.1111881304820583,1.1860650570964362,NaN,NaN,NaN,NaN
300003.77222749713,1.2780074843351101,1936.107376625452,0.10885587828668215,1.1611866255764607,NaN,NaN,NaN,NaN
301019.47193900903,1.251200095983073,1930.5391251958058,0.10657251340368984,1.1368296748523143,NaN,NaN,NaN,NaN
302032.57185010734,1.22495501738201,1924.9827373669414,0.10433704473525476,1.1129836331629013,NaN,NaN,NaN,NaN
303043.09059540386,1.199260074781886,1919.4381661755478,0.10214843532870149,1.0896374395815807,NaN,NaN,NaN,NaN
304051.0017632327,1.1741044861379768,1913.9056061611077,0.10000576677294362,1.0667812976718594,NaN,NaN,NaN,NaN
305056.3539586533,1.1494758331011699,1908.3848466981508,0.09790798128482414,1.0444039242629515,NaN,NaN,NaN,NaN
306059.1133127372,1.1253634486164033,1902.875999376426,0.09583111740775062,1.0225185231867389,NaN,NaN,NaN,NaN
307059.2911712839,1.1017568660535177,1897.3792969674012,0.09382088223620583,1.0010693034085734,NaN,NaN,NaN,NaN
308056.92094360956,1.078644793905951,1891.8944836546582,0.09185275744751382,0.9800694016353544,NaN,NaN,NaN,NaN
309051.976632863,1.0560175545698767,1886.4217467452393,0.08992591893850184,0.9595100246819254,NaN,NaN,NaN,NaN
310044.47680594114,1.0338646509358072,1880.961032091658,0.08803947282041513,0.9393816347506045,NaN,NaN,NaN,NaN
311034.41049233056,1.0121764660342027,1875.5124440074117,0.0861926001534363,0.919675493749264,NaN,NaN,NaN,NaN
312021.81090244587,0.9909426251243938,1870.0758471423308,0.08438441746921352,0.9003821750659763,NaN,NaN,NaN,NaN
313006.68170944485,0.970153623342439,1864.6512646385163,0.08261411537436068,0.8814930424690844,NaN,NaN,NaN,NaN
313988.9974280125,0.9498007543739587,1859.2388763713345,0.08088095247654223,0.8630001852984963,NaN,NaN,NaN,NaN
314968.7911145341,0.9298742811845203,1853.8385447396865,0.0791840996117302,0.844894756369704,NaN,NaN,NaN,NaN
315946.0519993155,0.9103655705936426,1848.4503681765204,0.07752282161535777,0.8271689114729401,NaN,NaN,NaN,NaN
316920.7984427874,0.8912655886556182,1843.0742865718041,0.07589634919541281,0.8098144422584178,NaN,NaN,NaN,NaN
317893.0197967324,0.8725660594885524,1837.7103958902399,0.07430397761334129,0.7928238291620855,NaN,NaN,NaN,NaN
318862.70558509714,0.8542588627480051,1832.3587903456935,0.0727450153754908,0.7761896939430606,NaN,NaN,NaN,NaN
319829.90296330146,0.8363349744945675,1827.0192510307186,0.07121869404194262,0.7599038373433974,NaN,NaN,NaN,NaN
320794.6013484982,0.8187866444488772,1821.6918708495116,0.06972435363219671,0.7439592173677142,NaN,NaN,NaN,NaN
321756.8046180308,0.8016060144294019,1816.3766635101085,0.06826132497726775,0.7283486939794432,NaN,NaN,NaN,NaN
322716.50241666473,0.7847856383236277,1811.0737190490172,0.06682897399819804,0.7130655015527944,NaN,NaN,NaN,NaN
323673.7414182186,0.7683172392996981,1805.7828173147468,0.0654265958755389,0.6981021196605693,NaN,NaN,NaN,NaN
324628.4686244015,0.7521944227548154,1800.5042779889027,0.06405364607238341,0.683452738091128,NaN,NaN,NaN,NaN
325580.7447740942,0.7364090064128923,1795.2378028102594,0.06270942782124604,0.6691099223317609,NaN,NaN,NaN,NaN
326530.51720397174,0.7209548599681526,1789.98370816131,0.06139341909161897,0.6550681023142235,NaN,NaN,NaN,NaN
327477.8745226682,0.7058236938536779,1784.7415425879358,0.060104913979590335,0.64131974604009,NaN,NaN,NaN,NaN
328422.7361195228,0.6910100957322854,1779.5117727584063,0.058843451593773785,0.627859935795861,NaN,NaN,NaN,NaN
329365.1622072246,0.6765065458983944,1774.2940996997975,0.05760839158834213,0.6146818390882162,NaN,NaN,NaN,NaN
330305.1566046108,0.662306573038549,1769.0885299135534,0.056399182894038266,0.6017795760053052,NaN,NaN,NaN,NaN
331242.6674734944,0.6484046597177323,1763.8953717710626,0.05521535566979573,0.5891481333404945,NaN,NaN,NaN,NaN
332177.8101553734,0.6347929456384026,1758.714023919082,0.05405624056643892,0.5767803691345854,NaN,NaN,NaN,NaN
333110.4773197376,0.6214669771307616,1753.5450950642341,0.05292145832857807,0.5646722367305885,NaN,NaN,NaN,NaN
334040.7561328454,0.6084196026384376,1748.3881353906515,0.051810399960391294,0.552817238139904,NaN,NaN,NaN,NaN
334968.5951854282,0.595645774690392,1743.2434481902405,0.05072263564092579,0.5412107871707208,NaN,NaN,NaN,NaN
335894.0260737467,0.5831393977533547,1738.1108844257192,0.049657646300751,0.5298473453495042,NaN,NaN,NaN,NaN
336817.1075126051,0.5708941663437913,1732.990146552806,0.048614894991973655,0.5187211834394291,NaN,NaN,NaN,NaN
337737.73370819836,0.558906070179851,1727.8818321141873,0.047594040216217055,0.5078286576510327,NaN,NaN,NaN,NaN
338656.0452963343,0.5471679815097689,1722.785195954716,0.04659447500475739,0.4971632916248623,NaN,NaN,NaN,NaN
339571.909696785,0.5356764149888946,1717.7009804297577,0.04561590256061517,0.48672191853559676,NaN,NaN,NaN,NaN
340485.4668421608,0.5244245368002288,1712.6284425586068,0.04465774094528862,0.47649832909638307,NaN,NaN,NaN,NaN
341396.6119359568,0.5134086798921403,1707.5681722752788,0.043719677888412294,0.46648919138079115,NaN,NaN,NaN,NaN
342305.4570322479,0.5026226302470299,1702.5195769223778,0.04280118423093902,0.45668885925902475,NaN,NaN,NaN,NaN
343211.9248256028,0.4920625598309707,1697.483095512063,0.04190193399394254,0.4470938545342379,NaN,NaN,NaN,NaN
344116.0461495479,0.48172344293469116,1692.458576888359,0.04102149920960865,0.4376996107876183,NaN,NaN,NaN,NaN
345017.8515612495,0.47160037779613956,1687.4458706863952,0.04015946246493601,0.4285016742202621,NaN,NaN,NaN,NaN
345917.34466947435,0.4616888748658697,1682.444972909774,0.039315441449178194,0.4194959655745078,NaN,NaN,NaN,NaN
346814.5290935603,0.45198453735771943,1677.4558789293465,0.0384890617509115,0.41067848987850997,NaN,NaN,NaN,NaN
347709.3819333708,0.442483338857526,1672.4787283395124,0.03767998049800088,0.40204558868479673,NaN,NaN,NaN,NaN
348601.98641588335,0.4331802238848223,1667.5130807485095,0.03688776718744501,0.3935926685240959,NaN,NaN,NaN,NaN
349492.2666039053,0.4240719012074835,1662.5593642319034,0.036112141552053265,0.3853167389440199,NaN,NaN,NaN,NaN
350380.3053152927,0.41515352240635034,1657.617139377804,0.03535269072127591,0.37721339461364706,NaN,NaN,NaN,NaN
351266.07954883267,0.4064214165235123,1652.6865441309556,0.03460910209210551,0.3692793000572552,NaN,NaN,NaN,NaN
352149.5665955227,0.3978719715127163,1647.7677144306738,0.03388106807819826,0.3615111733269501,NaN,NaN,NaN,NaN
353030.8484490339,0.3895006495493628,1642.8602134915927,0.033168202257903026,0.353904891301696,NaN,NaN,NaN,NaN
353909.8761054786,0.3813042578718811,1637.964319915939,0.032470232749358584,0.3464575530006139,NaN,NaN,NaN,NaN
354786.70497929526,0.37327869499873106,1633.079741039458,0.03178681028801447,0.33916543176912645,NaN,NaN,NaN,NaN
355661.3122583303,0.3654206664461407,1628.2066113627848,0.031117654329783744,0.3320255342003609,NaN,NaN,NaN,NaN
356533.7012403564,0.35772670432627174,1623.344922190843,0.03046246956423404,0.3250347093304617,NaN,NaN,NaN,NaN
357403.9524836176,0.3501927482702337,1618.4942416548247,0.029820910227791517,0.31818926786029034,NaN,NaN,NaN,NaN
358271.9659525559,0.34281637942943216,1613.6551254097383,0.029192770341699762,0.3114870119954403,NaN,NaN,NaN,NaN
359137.8732316166,0.33559326456890654,1608.8268613309683,0.028577680906282498,0.3049240045074387,NaN,NaN,NaN,NaN
360001.6001948849,0.32852088750763025,1604.0098625034,0.027975427654371457,0.2984979591644812,NaN,NaN,NaN,NaN
360863.22638569784,0.32159552399498975,1599.203700493346,0.027385693444781513,0.29220549206846635,NaN,NaN,NaN,NaN
361722.70351597015,0.31481455922630003,1594.40864620959,0.0268082556119773,0.286044227376969,NaN,NaN,NaN,NaN
362580.05985614925,0.3081748216395415,1589.6245510140404,0.026242844079360336,0.28001128337127296,NaN,NaN,NaN,NaN
363435.3486709117,0.30167302618954805,1584.8511288547586,0.025689179106594837,0.27410367522053436,NaN,NaN,NaN,NaN
364288.5471014252,0.29530653855491806,1580.0885102018483,0.02514703636618565,0.2683190093492088,NaN,NaN,NaN,NaN
365139.7079460315,0.2890722175819554,1575.3364106254023,0.02461614837097653,0.26265443166794206,NaN,NaN,NaN,NaN
365988.7832408775,0.2829677240701407,1570.5950974289156,0.024096315924699012,0.2571078167515094,NaN,NaN,NaN,NaN
366835.8505115942,0.2769898677724555,1565.8641497920412,0.02358726735962037,0.25167626590378395,NaN,NaN,NaN,NaN
367680.88680006727,0.2711362418232718,1561.143697220737,0.023088797717402146,0.24635759221822415,NaN,NaN,NaN,NaN
368523.91912870144,0.26540414101545107,1556.4335948702546,0.022600676634224357,0.24114933771166763,NaN,NaN,NaN,NaN
369364.99903579557,0.25979076111343,1551.7335629974614,0.022122665313431725,0.23604895442255555,NaN,NaN,NaN,NaN
370204.0786768101,0.25429401765824117,1547.0438665464771,0.02165458625145213,0.23105454838684653,NaN,NaN,NaN,NaN
371041.2586215438,0.2489109031950656,1542.3639559922897,0.021196183346351406,0.2261633869955655,NaN,NaN,NaN,NaN
371876.466336363,0.24363958843694852,1537.694231081947,0.02074730082390996,0.22137380813697613,NaN,NaN,NaN,NaN
372709.82616741373,0.23847704476756806,1533.0340109044203,0.020307680780170936,0.21668305997451176,NaN,NaN,NaN,NaN
373541.2411662474,0.23342167982193662,1528.3838286235607,0.019877187616171816,0.2120896956665342,NaN,NaN,NaN,NaN
374370.8104446371,0.22847073905941467,1523.7431409746853,0.019455586767063576,0.2075912124048795,NaN,NaN,NaN,NaN
375198.55913440726,0.22362198393555505,1519.1118103102538,0.019042687608016504,0.20318557622161915,NaN,NaN,NaN,NaN
376024.46363875543,0.21887350527774366,1514.4899662446644,0.018638327562091436,0.19887105241996322,NaN,NaN,NaN,NaN
376848.59731188294,0.21422288057810193,1509.8772056123182,0.018242300338923045,0.19464543988063648,NaN,NaN,NaN,NaN
377670.9363126882,0.20966829096978493,1505.2736587285963,0.017854451051623574,0.19050708595973762,NaN,NaN,NaN,NaN
378491.52917836234,0.2052075549481139,1500.6790579911549,0.017474593932624998,0.1864540085163457,NaN,NaN,NaN,NaN
379310.39995656273,0.20083867713005524,1496.093269957679,0.017102559063679107,0.18248439452186505,NaN,NaN,NaN,NaN
380127.5724398857,0.19655970874378415,1491.5161622417966,0.016738180495748052,0.17859647329919517,NaN,NaN,NaN,NaN
380943.070166593,0.19236874641487536,1486.9476035144498,0.016381296145641516,0.17478851541984897,NaN,NaN,NaN,NaN
381756.916421326,0.18826393098683644,1482.387463505131,0.0160317476955784,0.17105883163227537,NaN,NaN,NaN,NaN
382569.1579320024,0.18424332998935647,1477.8354826783486,0.01568937058468775,0.1674056660711219,NaN,NaN,NaN,NaN
383379.7936493785,0.18030529065640333,1473.2916638971544,0.015354024070513545,0.16382751701364784,NaN,NaN,NaN,NaN
384188.9167884952,0.17644774519967354,1468.7554911759767,0.015025532069085822,0.16032250564297418,NaN,NaN,NaN,NaN
384996.4785430764,0.17266934874583853,1464.2272294432669,0.014703780056768678,0.15688940999130765,NaN,NaN,NaN,NaN
385802.57122687774,0.16896812587274898,1459.70636690973,0.014388599815097084,0.1535264351667481,NaN,NaN,NaN,NaN
386607.1692981328,0.16534268869317106,1455.193039951906,0.014079873157555725,0.15023232011855983,NaN,NaN,NaN,NaN
387410.3639742113,0.16179115637181307,1450.6867420051963,0.013777439920290091,0.14700535589757882,NaN,NaN,NaN,NaN
388212.17574374494,0.15831201011180088,1446.187355402216,0.0134811707690822,0.14384416250702384,NaN,NaN,NaN,NaN
389012.6248491612,0.15490376505607487,1441.6947635308684,0.013190939259882904,0.14074739078823012,NaN,NaN,NaN,NaN
389811.7543830125,0.15156487369276037,1437.2087236192665,0.01290661361322812,0.13771363465362774,NaN,NaN,NaN,NaN
390609.6069285725,0.14829382903429578,1432.728995321842,0.012628065500530205,0.1347415248365164,NaN,NaN,NaN,NaN
391406.2475239376,0.14508907173944646,1428.2552141898302,0.0123551621349876,0.13182964450103002,NaN,NaN,NaN,NaN
392201.67174601613,0.14194935751846885,1423.7873981109813,0.012087797558230449,0.12897686307080894,NaN,NaN,NaN,NaN
392995.94368428196,0.13887320008264456,1419.3251871371585,0.011825845204295693,0.1261818300863663,NaN,NaN,NaN,NaN
393789.1266591458,0.1358591568509053,1414.8682251043879,0.011569182229176005,0.12344323480150245,NaN,NaN,NaN,NaN
394581.2151289776,0.13290607934954188,1410.4165350790202,0.011317710833783447,0.12076003369943841,NaN,NaN,NaN,NaN
395372.3167344098,0.13001242735141447,1405.9695157690398,0.011071299858990677,0.11813082731160045,NaN,NaN,NaN,NaN
396162.42499481986,0.12717711676001556,1401.5271947029685,0.010829856987795736,0.11555463061509556,NaN,NaN,NaN,NaN
396951.6459517852,0.12439868784821702,1397.0889784847755,0.010593257916106482,0.11303011728461154,NaN,NaN,NaN,NaN
397739.99462218094,0.1216760397890709,1392.6547753170605,0.010361408902228524,0.11055628709577957,NaN,NaN,NaN,NaN
398527.5081522925,0.11900801911454346,1388.2243710018486,0.010134211721778693,0.10813209199391839,NaN,NaN,NaN,NaN
399314.2900922989,0.11639328039652684,1383.7971844755357,0.009911551803878465,0.10575630950715585,NaN,NaN,NaN,NaN
400100.35376249155,0.11383081302673019,1379.373132134802,0.009693343089466757,0.10342802138486068,NaN,NaN,NaN,NaN
400885.8009236608,0.11131934514182965,1374.951641806361,0.009479477272126053,0.1011460719969925,NaN,NaN,NaN,NaN
401670.64363585366,0.10885792438382952,1370.532636017135,0.009269873253140194,0.09890959601982634,NaN,NaN,NaN,NaN
402454.98187150806,0.10644534780954991,1366.1155514768202,0.00906442859503509,0.09671750044497868,NaN,NaN,NaN,NaN
403238.8484021409,0.10408065158554265,1361.700195470448,0.008863061221894336,0.09456890952199293,NaN,NaN,NaN,NaN
404022.3193100502,0.10176276602456787,1357.286135627463,0.008665680043747315,0.09246285132040684,NaN,NaN,NaN,NaN
404805.51333008363,0.09949052927989682,1352.872703350856,0.008472186122717185,0.0903982701725579,NaN,NaN,NaN,NaN
405588.41700870224,0.09726319173549049,1348.4599598568223,0.00828251562472196,0.08837448496845796,NaN,NaN,NaN,NaN
406371.1688638096,0.09507959211279932,1344.0471261429384,0.008096569660268508,0.0863904405566989,NaN,NaN,NaN,NaN
407153.7973945562,0.09293890928246473,1339.6340306056231,0.007914278305507727,0.08444539084944556,NaN,NaN,NaN,NaN
407936.4168938171,0.09084011078256518,1335.2200268822437,0.0077355536404172046,0.08253839773959974,NaN,NaN,NaN,NaN
408719.07557401503,0.08878237088004863,1330.8048332979815,0.007560325349117073,0.08066871095635603,NaN,NaN,NaN,NaN
409501.8637614916,0.08676477588894412,1326.3879347612392,0.0073885156260346824,0.07883550031384799,NaN,NaN,NaN,NaN
410284.89185885934,0.08478638950799483,1321.9687044625528,0.007220044739776789,0.07703791507769325,NaN,NaN,NaN,NaN
411068.2260869851,0.08284641476757051,1317.5467592776615,0.007054844823832971,0.07527523111187127,NaN,NaN,NaN,NaN
411851.9528684024,0.08094402724036996,1313.121603703686,0.006892845673515502,0.07354669933199735,NaN,NaN,NaN,NaN
412636.1573180322,0.07907843002663172,1308.6927487897078,0.006733979428263686,0.0718515956655345,NaN,NaN,NaN,NaN
413420.9865620812,0.07724870630207432,1304.2593616592087,0.006578168015259837,0.07018908707511033,NaN,NaN,NaN,NaN
414206.4593693329,0.07545426427604025,1299.8213190554143,0.00642536104015353,0.06855863585274259,NaN,NaN,NaN,NaN
414992.7408008254,0.07369419701925443,1295.377687283761,0.0062754812727433195,0.06695941795177855,NaN,NaN,NaN,NaN
415779.90989967133,0.07196782041167751,1290.9280079253872,0.006128470456305215,0.06539081177266903,NaN,NaN,NaN,NaN
416568.0443767293,0.07027447242767852,1286.4718292036634,0.0059842722155801446,0.06385221579110532,NaN,NaN,NaN,NaN
417357.3244602664,0.06861329555194705,1282.0081307544094,0.005842813528247634,0.06234285085854663,NaN,NaN,NaN,NaN
418147.8034699582,0.06698372711856129,1277.5365940983706,0.005704046480094654,0.060862205730089734,NaN,NaN,NaN,NaN
418939.63681792043,0.06538501288737768,1273.0563344182408,0.005567906843270336,0.059409595094230425,NaN,NaN,NaN,NaN
419732.91577309923,0.06381655373828635,1268.566821224325,0.005434343599279579,0.05798447458335956,NaN,NaN,NaN,NaN
420527.7914593733,0.062277653552137074,1264.067191430808,0.005303297469605656,0.0565862116953941,NaN,NaN,NaN,NaN
421324.3512426874,0.06076776294683668,1259.5569342025901,0.005174721671229318,0.055214307255274375,NaN,NaN,NaN,NaN
422122.76227155904,0.059286201684251395,1255.0350955247243,0.005048558277992988,0.05386814319059649,NaN,NaN,NaN,NaN
422923.1483402699,0.05783239540887293,1250.50096049168,0.004924758380248657,0.05254719763516082,NaN,NaN,NaN,NaN
423725.6512275658,0.056405758258260365,1245.9537133662006,0.004803272088467366,0.051250938267432815,NaN,NaN,NaN,NaN
424530.4101818133,0.05500573093704177,1241.3925512308472,0.004684051775457637,0.049978856905030684,NaN,NaN,NaN,NaN
425337.5619021398,0.0536317794940213,1236.8166840698314,0.004567051972229155,0.04873046839359035,NaN,NaN,NaN,NaN
426147.30056028825,0.052283295059374194,1232.225001843811,0.004452220830042983,0.04750521950679657,NaN,NaN,NaN,NaN
426959.697239675,0.050959894962388404,1227.6170757707164,0.004339525762305002,0.04630276254551991,NaN,NaN,NaN,NaN
427774.9802314872,0.04966095735847682,1222.9916038572137,0.004228913815401239,0.045122532494422773,NaN,NaN,NaN,NaN
428593.31437941524,0.04838598905559968,1218.347634420538,0.004120342991216041,0.0439640812333918,NaN,NaN,NaN,NaN
429414.802104247,0.047134611877239684,1213.6845606022223,0.00401378108586161,0.042827065146776026,NaN,NaN,NaN,NaN
430239.7006866123,0.04590623075579893,1209.0009148874947,0.003909177425937358,0.04171094354912654,NaN,NaN,NaN,NaN
431068.1255827677,0.044700486942901,1204.2960148647012,0.003806501461972515,0.04061539047743069,NaN,NaN,NaN,NaN
431900.28706144047,0.04351690005764967,1199.56865042996,0.0037057122867933797,0.03953996945193148,NaN,NaN,NaN,NaN
432736.35227911675,0.042355072837436857,1194.817848881579,0.0036067760712226483,0.0384843195151304,NaN,NaN,NaN,NaN
433576.5040639234,0.04121460429259822,1190.0425487375571,0.0035096586687029113,0.03744807632308157,NaN,NaN,NaN,NaN
434420.9790955765,0.040095041363097966,1185.2413876943685,0.0034143214985875923,0.03643082822008455,NaN,NaN,NaN,NaN
435269.9322160832,0.03899606044877098,1180.413455586576,0.003320737004476619,0.035432281179206666,NaN,NaN,NaN,NaN
436123.62929923367,0.037917212595513825,1175.5572239240983,0.0032288669553669764,0.0344520272754461,NaN,NaN,NaN,NaN
436982.197061733,0.03685824513238319,1170.6719343637155,0.003138689834886452,0.033489836928998984,NaN,NaN,NaN,NaN
437845.9105239482,0.035818737469228513,1165.7560031975916,0.0030501698273844233,0.03254532798668613,NaN,NaN,NaN,NaN
438714.9629298013,0.034798389739791116,1160.8082981625287,0.002963281397538345,0.03161822798648264,NaN,NaN,NaN,NaN
439589.5802287766,0.03379688020008833,1155.8275030029538,0.0028779971470126687,0.030708244588005126,NaN,NaN,NaN,NaN
440470.02023944684,0.032813870104759724,1150.8121219288487,0.0027942882297075445,0.029815070003217557,NaN,NaN,NaN,NaN
441356.497056235,0.03184908874719651,1145.7608991079549,0.0027121315934109597,0.028938458264897365,NaN,NaN,NaN,NaN
442249.25615902053,0.030902247677550055,1140.6724016736569,0.0026315026749728077,0.028078147284104654,NaN,NaN,NaN,NaN
443148.53648786596,0.02997308298914198,1135.5452300813226,0.0025523790012339405,0.02723389727211396,NaN,NaN,NaN,NaN
444054.60723499715,0.02906131696664549,1130.3778137461059,0.0024747369231500256,0.02640545589349873,NaN,NaN,NaN,NaN
444967.69348043675,0.028166733311502757,1125.1688236677353,0.0023985580216649635,0.02559262661683423,NaN,NaN,NaN,NaN
445888.0865826657,0.027289066394234535,1119.9165595841225,0.0023238196769132862,0.024795168088037757,NaN,NaN,NaN,NaN
446816.0332318342,0.026428110777555528,1114.6195655445329,0.0022505043947382104,0.024012893644365096,NaN,NaN,NaN,NaN
447751.8086059857,0.025583649333691113,1109.2762237705317,0.0021785936854710974,0.023245606000955314,NaN,NaN,NaN,NaN
448695.7334445948,0.024755441182597177,1103.8846596785525,0.0021080670368020657,0.02249308629135485,NaN,NaN,NaN,NaN
449648.01110114733,0.023943363688098008,1098.4436459365156,0.002038914005561162,0.021755223086885773,NaN,NaN,NaN,NaN
450609.015728035,0.02314716133333548,1092.9510032284097,0.001971112833030292,0.021031784221912386,NaN,NaN,NaN,NaN
451578.96788047644,0.022366723247931833,1087.405399803945,0.0019046540779643181,0.02032266895829977,NaN,NaN,NaN,NaN
452558.22079306917,0.02160184315155105,1081.8047631403363,0.0018395201744158807,0.019627689867297855,NaN,NaN,NaN,NaN
453547.0103170516,0.020852421135471248,1076.1476667781885,0.0017757026145873694,0.018946756170661726,NaN,NaN,NaN,NaN
454545.70250683685,0.020118269522273295,1070.4319568803508,0.0017131854166759204,0.018279697342471354,NaN,NaN,NaN,NaN
455554.6156571623,0.019399251891876364,1064.6557388443357,0.0016519569637334273,0.017626389429829786,NaN,NaN,NaN,NaN
456574.020955446,0.01869527622627234,1058.8173734139891,0.0015920094199015728,0.016986748824087856,NaN,NaN,NaN,NaN
457604.26381278277,0.01800620876480355,1052.9148037179016,0.001533331394697304,0.016360653988731894,NaN,NaN,NaN,NaN
458645.6584673702,0.017331948405332143,1046.9461391583714,0.0014759142786968343,0.01574801306116515,NaN,NaN,NaN,NaN
459698.55636502407,0.01667238013477922,1040.909276093746,0.0014197482778803912,0.015148721539145501,NaN,NaN,NaN,NaN
460763.2427533268,0.0160274396710865,1034.8024704381703,0.0013648279182640077,0.014562721015235435,NaN,NaN,NaN,NaN
461840.0895011566,0.015397017513006473,1028.6234906629818,0.0013111438751917974,0.013989911995307943,NaN,NaN,NaN,NaN
462929.4513627042,0.014781024523876958,1022.3701919645129,0.0012586885581684845,0.013430213488738801,NaN,NaN,NaN,NaN
464031.6156579693,0.014179416199648767,1016.0407944274255,0.0012074581774204035,0.012883585058623206,NaN,NaN,NaN,NaN
465146.98551079835,0.013592090115351365,1009.6328681336407,0.0011574440108770188,0.012349933640422991,NaN,NaN,NaN,NaN
466275.82869669696,0.013019021557833643,1003.144722720869,0.0011086439540725342,0.011829236779477125,NaN,NaN,NaN,NaN
467418.5914122758,0.012460098759563267,996.5736706841718,0.0010610484893639816,0.011321392922485433,NaN,NaN,NaN,NaN
468575.5181170662,0.011915314502041975,989.9181297430642,0.0010146570020550558,0.010826395510635129,NaN,NaN,NaN,NaN
469747.01180929743,0.011384586305940974,983.1756298167412,0.0009694624685603967,0.010344169602233746,NaN,NaN,NaN,NaN
470933.43545978615,0.010867854668547887,976.343910255657,0.0009254598218846068,0.009874661132413923,NaN,NaN,NaN,NaN
472135.09612412826,0.010365085039095846,969.4210068770319,0.0008826461198327881,0.009417838707940742,NaN,NaN,NaN,NaN
473352.3877891807,0.009876205780634991,962.4044620694116,0.0008410152621099997,0.008973637238635323,NaN,NaN,NaN,NaN
474585.58299335523,0.009401193349527184,955.2924748687553,0.000800565243841146,0.008542035332469932,NaN,NaN,NaN,NaN
475835.1004595875,0.008939964519869751,948.0824225940788,0.0007612889778658441,0.008122957369406264,NaN,NaN,NaN,NaN
477101.20453178964,0.008492491466458791,940.7725187685016,0.0007231840947092499,0.007716378067135361,NaN,NaN,NaN,NaN
478384.27000339836,0.008058701039745594,933.3603511815836,0.00068624436527,0.007322230961113156,NaN,NaN,NaN,NaN
479684.63926038914,0.0076385277379697,925.8436688418439,0.0006504642116995306,0.006940456535666331,NaN,NaN,NaN,NaN
481002.6216072044,0.007231910675730856,918.2203846088403,0.0006158384492586826,0.006570999469600988,NaN,NaN,NaN,NaN
482338.5225505003,0.0068387820665812855,910.4884127574495,0.0005823613055447321,0.006213798171349923,NaN,NaN,NaN,NaN
483692.6418975626,0.006459066907610554,902.6456783563318,0.0005500263936319938,0.005868784492382715,NaN,NaN,NaN,NaN
485065.3159805776,0.006092671037908039,894.6898837405694,0.0005188256951817769,0.005535872876983662,NaN,NaN,NaN,NaN
486456.78240037186,0.00573951665330753,886.6192514431705,0.0004887525847254861,0.005214992631368254,NaN,NaN,NaN,NaN
487867.3264477251,0.005399500990255585,878.4317176321331,0.00045979831136032015,0.0049060503833579005,NaN,NaN,NaN,NaN
489297.276451491,0.005072500151898579,870.1249565393214,0.00043195232456241003,0.004608933558807823,NaN,NaN,NaN,NaN
490746.80025204824,0.004758414498567184,861.6974971168102,0.00040520613944550665,0.004323551623937435,NaN,NaN,NaN,NaN
492216.20489977626,0.004457099014311334,853.1470759403259,0.00037954740707420317,0.004049772815541457,NaN,NaN,NaN,NaN
493705.6486584715,0.004168425822001282,844.4722163661437,0.0003549652379814122,0.0037874809429492002,NaN,NaN,NaN,NaN
495215.35155431344,0.0038922384177733156,835.6710720382962,0.0003314463049703456,0.003536533804901338,NaN,NaN,NaN,NaN
496745.46624438814,0.00362837701409669,826.7421333222098,0.0003089770012212349,0.003296786216559885,NaN,NaN,NaN,NaN
498296.2261468509,0.003376651989404416,817.6834141871533,0.0002875411793759344,0.0030680658855291,NaN,NaN,NaN,NaN
499867.67056628026,0.0031368891735890658,808.4939556807078,0.0002671240078562241,0.0028502145587919253,NaN,NaN,NaN,NaN
501459.94114730525,0.002908879860673599,799.17220188577,0.00024770771415757325,0.002643042603632204,NaN,NaN,NaN,NaN
503073.1417687188,0.002692404721102004,789.7167647532298,0.00022927362111709818,0.0024463507346244337,NaN,NaN,NaN,NaN
504707.284546144,0.002487239530927722,780.1267175552233,0.0002118026347866395,0.0022599352192420414,NaN,NaN,NaN,NaN
506362.4684932535,0.0022931320153856184,770.4006173714854,0.00019527327253081707,0.0020835668376533367,NaN,NaN,NaN,NaN
508038.5678569235,0.002109839615277293,760.5382049956215,0.00017966487905018188,0.001917025197705332,NaN,NaN,NaN,NaN
509735.61253684934,0.0019370846000797562,750.5383279121362,0.00016495380400635755,0.0017600579501640447,NaN,NaN,NaN,NaN
511453.4303963476,0.0017745942144441209,740.4008893053851,0.00015111682072542365,0.0016124172662974514,NaN,NaN,NaN,NaN
513191.94401479093,0.0016220699773785753,730.1252297424546,0.0001381285118482103,0.0014738319427504748,NaN,NaN,NaN,NaN
514951.03946354124,0.0014792030395099833,719.7108406987388,0.00012596257708873007,0.001344021355334285,NaN,NaN,NaN,NaN
516730.3745443721,0.001345688665659369,709.1584072688993,0.00011459306650809824,0.0012227086180654674,NaN,NaN,NaN,NaN
518529.780847048,0.0012211946195511642,698.4676207446093,0.00010399168829217221,0.001109591857139376,NaN,NaN,NaN,NaN
520348.8804625748,0.0011053919087617753,687.6392615765646,9.413042685931005e-05,0.0010043721461535887,NaN,NaN,NaN,NaN
522187.36261407234,0.000997935744857736,676.6736966019799,8.497992150751893e-05,0.0009067362062645162,NaN,NaN,NaN,NaN
524044.728686748,0.0008984827765385129,665.5722636027388,7.651093391487371e-05,0.0008163720644245294,NaN,NaN,NaN,NaN
525920.5154800707,0.0008066785396074313,654.3360609066199,6.869327943294797e-05,0.0007329576502772894,NaN,NaN,NaN,NaN
527814.2629387078,0.0007221622227069783,642.966123363618,6.149623291636189e-05,0.0006561651263611416,NaN,NaN,NaN,NaN
529725.2331383114,0.0006445800802706516,631.4649474305235,5.488967091214783e-05,0.0005856730752756115,NaN,NaN,NaN,NaN
531652.8765364022,0.0005735661325687753,619.8339684642109,4.884242815855268e-05,0.0005211489635150433,NaN,NaN,NaN,NaN
533596.3431003983,0.0005087638164212807,608.0762103548553,4.3324141266740256e-05,0.0004622688135619925,NaN,NaN,NaN,NaN
535554.8747950993,0.00044981210246292514,596.1941666936616,3.8304066526728866e-05,0.00040870458987040553,NaN,NaN,NaN,NaN
537527.5744791777,0.0003963555217406896,584.1910553589779,3.3751933729357704e-05,0.0003601333091504603,NaN,NaN,NaN,NaN
539513.4466493102,0.000348043599674155,572.0706051509986,2.9637897964783735e-05,0.00031623652605827687,NaN,NaN,NaN,NaN
541511.5822308175,0.0003045281349495277,559.8360645330121,2.593230790478523e-05,0.00027669786076688497,NaN,NaN,NaN,NaN
543520.6851106145,0.00026547521254040253,547.4927679213699,2.260672878000922e-05,0.00024121391413879737,NaN,NaN,NaN,NaN
545539.748610977,0.00023055205387436837,535.0468382488554,1.9632822596643377e-05,0.000209482319632051,NaN,NaN,NaN,NaN
547567.2881917026,0.00019944290119987832,522.5025709888545,1.6983700780869098e-05,0.00018121617602358448,NaN,NaN,NaN,NaN
549602.1839085503,0.0001718357338547151,509.86442156643665,1.4632792993342794e-05,0.00015613197765384728,NaN,NaN,NaN,NaN
551642.753963654,0.00014743756567214575,497.13992046415024,1.2555149790595749e-05,0.00013396351383073777,NaN,NaN,NaN,NaN
553687.579810775,0.00012596341656608627,484.3352458605722,1.0726503492598034e-05,0.00011445184828160692,NaN,NaN,NaN,NaN
555735.0885345066,0.00010714322398310495,471.45748972275203,9.123856732323758e-06,9.73515989801924e-05,NaN,NaN,NaN,NaN
557783.483917291,9.072242867435112e-05,458.5150519883511,7.725532337572406e-06,8.243147038591281e-05,NaN,NaN,NaN,NaN
559831.1188804632,7.645926319445929e-05,445.5156582130224,6.510942431182437e-06,6.947178974194126e-05,NaN,NaN,NaN,NaN
561875.9343811595,6.412941250918726e-05,432.4694059369724,5.460985308358644e-06,5.826874175836061e-05,NaN,NaN,NaN,NaN
563916.2010079765,5.3521138863520954e-05,419.3848015461088,4.5576302913805525e-06,4.8629939009734184e-05,NaN,NaN,NaN,NaN
565949.7086347864,4.44403325159045e-05,406.2731496755168,3.7843478284345675e-06,4.037901109189085e-05,NaN,NaN,NaN,NaN
567974.4528801441,3.6706539183984994e-05,393.1448946973143,3.12577120795728e-06,3.335199511220149e-05,NaN,NaN,NaN,NaN
569988.2948549935,3.015467358264251e-05,380.0114825108495,2.5678424761737812e-06,2.7398892630474894e-05,NaN,NaN,NaN,NaN
571988.9500653526,2.4634479344886092e-05,366.88545806231457,2.097766446281021e-06,2.2383178936703906e-05,NaN,NaN,NaN,NaN
573974.1825083625,2.000947231979302e-05,353.7794593303235,1.7039207142392621e-06,1.8180842919090395e-05,NaN,NaN,NaN,NaN
575941.5674096451,1.6157036009071726e-05,340.7075319302846,1.3758637857398408e-06,1.4680473778833706e-05,NaN,NaN,NaN,NaN
577888.8584174716,1.2966992410477612e-05,327.68319430749517,1.1042133753692442e-06,1.1781962481575801e-05,NaN,NaN,NaN,NaN
579813.5185044646,1.0341807498531986e-05,314.7219983583698,8.806639044645162e-07,9.396688459609821e-06,NaN,NaN,NaN,NaN
581713.1853302728,8.195006892774307e-06,301.83906869839655,6.978515862269435e-07,7.44608006933858e-06,NaN,NaN,NaN,NaN
583585.338696677,6.450886722568991e-06,289.0509251954376,5.493298042109503e-07,5.861351879622474e-06,NaN,NaN,NaN,NaN
585427.5412869867,5.043379878643045e-06,276.3742250451568,4.294725671749385e-07,4.582474534533796e-06,NaN,NaN,NaN,NaN
587237.4526109035,3.9152851098304486e-06,263.8257173622916,3.334088622713692e-07,3.557474301552062e-06,NaN,NaN,NaN,NaN
589012.5164220831,3.017619253066471e-06,251.42394485389048,2.569674937355049e-07,2.7418445000848437e-06,NaN,NaN,NaN,NaN
590750.4865438935,2.3084768168665793e-06,239.1864430258042,1.9657996991300816e-07,2.097509305545107e-06,NaN,NaN,NaN,NaN
592448.9639247813,1.752503241529194e-06,227.13222788427868,1.492356483613625e-07,1.5923451473491232e-06,NaN,NaN,NaN,NaN
594105.7810156757,1.3199680576563638e-06,215.27973777592163,1.1240281001063941e-07,1.1993385697996981e-06,NaN,NaN,NaN,NaN
595718.7278100122,9.86156897396557e-07,203.648282293476,8.397688545248444e-08,8.960338063192767e-07,NaN,NaN,NaN,NaN
597348.9562865206,7.306354142639711e-07,200.0,6.22177735136817e-08,6.638639683025487e-07,NaN,NaN,NaN,NaN
599026.7751594137,5.366842980317904e-07,200.0,4.5701729551296076e-08,4.876376929743647e-07,NaN,NaN,NaN,NaN
600753.4719166129,3.9075398038461073e-07,200.0,3.327493052828631e-08,3.550436825040385e-07,NaN,NaN,NaN,NaN
602530.6069125476,2.8192641424186825e-07,200.0,2.400764245255656e-08,2.561616703406818e-07,NaN,NaN,NaN,NaN
604359.5807294629,2.01516500743026e-07,200.0,1.7160279611042013e-08,1.8310027306365358e-07,NaN,NaN,NaN,NaN
606242.0746303038,1.4265948526070493e-07,200.0,1.2148268986482714e-08,1.2962209352605245e-07,NaN,NaN,NaN,NaN
608179.5072983785,9.999999776482566e-08,200.0,8.5155702705272e-09,9.086117925625e-08,NaN,NaN,NaN,NaN
